city,timestamp,temperature_2m,apparent_temperature,precipitation,wind_gusts_10m,pm2_5,us_aqi,european_aqi
Bengaluru,2026-02-23T00:00,21.4,21.8,0.0,28.8,14.0,53,27
Bengaluru,2026-02-23T01:00,20.2,21.6,0.0,29.5,13.5,53,27
Bengaluru,2026-02-23T02:00,19.8,21.3,0.0,26.3,14.0,53,27
Bengaluru,2026-02-23T03:00,19.3,20.7,0.0,24.5,15.7,53,27
Bengaluru,2026-02-23T04:00,18.9,20.3,0.0,21.6,17.9,53,26
Bengaluru,2026-02-23T05:00,18.8,20.5,0.0,18.0,20.2,53,26
Bengaluru,2026-02-23T06:00,18.5,20.1,0.0,17.3,23.3,52,26
Bengaluru,2026-02-23T07:00,19.3,20.4,0.0,19.8,25.7,52,26
Bengaluru,2026-02-23T08:00,21.9,22.5,0.0,21.6,19.7,52,26
Bengaluru,2026-02-23T09:00,25.1,24.4,0.0,27.4,17.5,52,26
Bengaluru,2026-02-23T10:00,27.5,27.1,0.0,30.2,16.6,53,38
Bengaluru,2026-02-23T11:00,28.4,29.4,0.0,30.2,16.9,54,52
Bengaluru,2026-02-23T12:00,30.1,32.1,0.0,24.5,16.2,55,60
Bengaluru,2026-02-23T13:00,31.8,33.3,0.0,21.6,15.3,55,61
Bengaluru,2026-02-23T14:00,32.1,31.3,0.0,25.9,15.4,56,62
Bengaluru,2026-02-23T15:00,30.8,28.3,0.0,34.6,15.8,57,62
Bengaluru,2026-02-23T16:00,30.3,27.6,0.0,37.1,16.2,58,62
Bengaluru,2026-02-23T17:00,31.0,28.7,0.0,34.9,12.7,74,60
Bengaluru,2026-02-23T18:00,29.6,27.7,0.0,27.0,23.1,87,39
Bengaluru,2026-02-23T19:00,28.2,26.9,0.0,20.2,36.0,88,34
Bengaluru,2026-02-23T20:00,26.8,25.7,0.0,15.8,34.6,74,36
Bengaluru,2026-02-23T21:00,25.5,24.1,0.0,20.2,27.4,64,37
Bengaluru,2026-02-23T22:00,24.1,22.6,0.0,35.6,22.9,65,38
Bengaluru,2026-02-23T23:00,23.0,22.2,0.0,34.2,20.7,66,39
Bengaluru,2026-02-24T00:00,22.0,21.5,0.0,32.4,19.4,66,39
Bengaluru,2026-02-24T01:00,21.3,21.7,0.0,29.5,19.3,67,40
Bengaluru,2026-02-24T02:00,20.7,21.6,0.0,18.7,20.6,67,40
Bengaluru,2026-02-24T03:00,20.2,21.0,0.0,17.3,22.2,68,42
Bengaluru,2026-02-24T04:00,19.8,20.7,0.0,18.7,24.4,68,43
Bengaluru,2026-02-24T05:00,19.5,21.0,0.0,16.6,25.1,69,44
Bengaluru,2026-02-24T06:00,19.5,20.7,0.0,15.8,28.1,69,44
Bengaluru,2026-02-24T07:00,20.2,21.3,0.0,17.3,35.9,70,45
Bengaluru,2026-02-24T08:00,23.0,23.7,0.0,16.6,22.0,71,47
Bengaluru,2026-02-24T09:00,26.0,25.4,0.0,20.9,17.4,71,47
Bengaluru,2026-02-24T10:00,27.9,28.6,0.0,22.0,17.9,71,47
Bengaluru,2026-02-24T11:00,28.4,30.2,0.0,22.3,18.7,71,55
Bengaluru,2026-02-24T12:00,30.0,31.6,0.0,23.0,21.0,71,61
Bengaluru,2026-02-24T13:00,30.6,32.0,0.0,23.0,21.0,72,62
Bengaluru,2026-02-24T14:00,31.3,32.4,0.0,23.0,21.7,72,63
Bengaluru,2026-02-24T15:00,31.1,31.0,0.0,22.0,22.8,73,63
Bengaluru,2026-02-24T16:00,30.8,30.0,0.0,21.2,23.9,73,63
Bengaluru,2026-02-24T17:00,29.5,27.9,0.0,17.3,26.5,82,61
Bengaluru,2026-02-24T18:00,28.1,26.4,0.0,29.2,32.7,95,55
Bengaluru,2026-02-24T19:00,27.2,25.9,0.0,27.7,39.7,97,57
Bengaluru,2026-02-24T20:00,26.1,25.1,0.0,25.6,38.9,88,58
Bengaluru,2026-02-24T21:00,25.0,24.1,0.0,22.0,36.0,77,58
Bengaluru,2026-02-24T22:00,23.4,22.5,0.0,33.1,34.5,78,60
Bengaluru,2026-02-24T23:00,22.1,22.1,0.0,32.4,33.8,79,60
Bengaluru,2026-02-25T00:00,21.8,22.3,0.0,25.9,32.9,80,61
Bengaluru,2026-02-25T01:00,21.4,21.9,0.0,18.0,33.2,81,61
Bengaluru,2026-02-25T02:00,20.9,21.4,0.0,18.4,36.7,82,62
Bengaluru,2026-02-25T03:00,20.4,20.9,0.0,18.7,40.6,84,62
Bengaluru,2026-02-25T04:00,19.8,21.0,0.0,18.4,43.8,85,63
Bengaluru,2026-02-25T05:00,20.5,22.0,0.0,11.5,37.6,87,63
Bengaluru,2026-02-25T06:00,20.5,22.4,0.0,11.5,42.7,88,64
Bengaluru,2026-02-25T07:00,21.0,22.6,0.1,10.8,50.5,89,64
Bengaluru,2026-02-25T08:00,22.5,23.9,0.0,17.3,43.4,91,65
Bengaluru,2026-02-25T09:00,24.5,26.0,0.0,22.0,39.6,93,66
Bengaluru,2026-02-25T10:00,26.9,28.8,0.0,22.0,37.1,95,66
Bengaluru,2026-02-25T11:00,26.5,29.2,0.0,21.2,36.2,96,67
Bengaluru,2026-02-25T12:00,27.9,28.1,0.0,17.3,34.9,98,68
Bengaluru,2026-02-25T13:00,29.2,30.0,0.0,24.1,34.3,99,68
Bengaluru,2026-02-25T14:00,29.4,29.3,0.0,32.4,33.2,100,68
Bengaluru,2026-02-25T15:00,29.3,28.3,0.0,32.4,32.7,101,69
Bengaluru,2026-02-25T16:00,29.4,27.6,0.0,29.9,32.5,115,69
Bengaluru,2026-02-25T17:00,29.2,27.1,0.0,36.0,34.2,131,69
Bengaluru,2026-02-25T18:00,28.0,26.0,0.0,33.5,43.5,139,70
Bengaluru,2026-02-25T19:00,27.1,26.1,0.0,30.6,56.9,132,70
Bengaluru,2026-02-25T20:00,26.0,25.4,0.0,19.1,63.3,110,71
Bengaluru,2026-02-25T21:00,25.1,24.6,0.0,14.0,57.7,110,71
Bengaluru,2026-02-25T22:00,24.4,22.9,0.0,19.4,48.9,112,72
Bengaluru,2026-02-25T23:00,23.2,22.4,0.0,23.0,41.9,113,73
Bengaluru,2026-02-26T00:00,22.0,22.0,0.0,27.4,37.1,114,73
Bengaluru,2026-02-26T01:00,21.4,21.7,0.0,20.2,34.3,115,73
Bengaluru,2026-02-26T02:00,20.7,21.3,0.0,17.3,32.6,115,73
Bengaluru,2026-02-26T03:00,20.0,20.9,0.0,15.1,32.7,114,73
Bengaluru,2026-02-26T04:00,19.5,21.1,0.0,14.0,33.5,114,73
Bengaluru,2026-02-26T05:00,21.0,22.7,0.0,12.2,33.3,112,72
Bengaluru,2026-02-26T06:00,21.2,22.9,0.0,11.5,36.4,112,72
Bengaluru,2026-02-26T07:00,21.5,23.1,0.0,10.8,44.2,111,72
Bengaluru,2026-02-26T08:00,23.6,25.3,0.0,10.4,41.6,111,72
Bengaluru,2026-02-26T09:00,26.0,26.5,0.0,14.8,39.5,110,72
Bengaluru,2026-02-26T10:00,27.2,27.5,0.1,18.0,39.2,110,72
Bengaluru,2026-02-26T11:00,28.1,29.2,0.0,23.8,38.2,111,72
Bengaluru,2026-02-26T12:00,29.9,30.5,0.0,27.0,37.8,111,72
Bengaluru,2026-02-26T13:00,30.2,29.7,0.0,31.3,35.4,111,72
Bengaluru,2026-02-26T14:00,30.2,29.1,0.0,33.8,36.2,111,72
Bengaluru,2026-02-26T15:00,29.4,27.7,0.0,33.8,36.4,112,72
Bengaluru,2026-02-26T16:00,29.3,27.9,0.0,32.8,35.6,115,72
Bengaluru,2026-02-26T17:00,30.2,28.9,0.0,26.6,47.3,134,72
Bengaluru,2026-02-26T18:00,29.5,28.3,0.0,20.5,59.0,146,73
Bengaluru,2026-02-26T19:00,28.1,27.0,0.0,12.6,68.5,145,73
Bengaluru,2026-02-26T20:00,26.9,25.8,0.0,18.0,64.0,129,74
Bengaluru,2026-02-26T21:00,26.4,25.9,0.0,16.2,57.5,117,74
Bengaluru,2026-02-26T22:00,25.5,24.3,0.0,17.3,48.5,117,74
Bengaluru,2026-02-26T23:00,23.9,22.6,0.0,30.6,38.4,117,74
Bengaluru,2026-02-27T00:00,22.8,22.0,0.0,32.4,31.4,116,74
Bengaluru,2026-02-27T01:00,22.4,22.0,0.0,27.4,28.9,116,73
Bengaluru,2026-02-27T02:00,22.1,21.7,0.0,20.9,28.1,115,73
Bengaluru,2026-02-27T03:00,21.6,21.2,0.0,20.5,28.0,115,73
Bengaluru,2026-02-27T04:00,21.2,21.2,0.0,17.6,29.0,114,73
Bengaluru,2026-02-27T05:00,21.6,22.4,0.0,13.3,33.3,114,73
Bengaluru,2026-02-27T06:00,21.2,22.0,0.0,12.6,37.5,114,73
Bengaluru,2026-02-27T07:00,21.9,22.8,0.0,14.4,46.2,114,73
Bengaluru,2026-02-27T08:00,23.5,24.4,0.0,16.9,37.5,114,73
Bengaluru,2026-02-27T09:00,25.8,26.2,0.0,20.9,38.0,113,73
Bengaluru,2026-02-27T10:00,27.5,28.4,0.0,22.3,35.7,113,73
Bengaluru,2026-02-27T11:00,27.7,29.9,0.0,22.0,35.7,113,73
Bengaluru,2026-02-27T12:00,29.1,30.8,0.0,20.9,35.5,113,72
Bengaluru,2026-02-27T13:00,30.2,31.8,0.0,22.0,35.5,112,72
Bengaluru,2026-02-27T14:00,31.0,31.9,0.0,22.3,36.4,112,72
Bengaluru,2026-02-27T15:00,31.0,30.3,0.0,21.2,35.6,112,72
Bengaluru,2026-02-27T16:00,31.0,30.2,0.0,17.3,34.2,115,72
Bengaluru,2026-02-27T17:00,30.1,29.4,0.0,14.0,41.4,132,72
Bengaluru,2026-02-27T18:00,29.4,28.2,0.0,16.9,52.4,143,72
Bengaluru,2026-02-27T19:00,28.9,27.7,0.0,22.0,68.9,139,72
Bengaluru,2026-02-27T20:00,28.6,27.8,0.0,17.3,71.7,120,72
Bengaluru,2026-02-27T21:00,27.4,26.3,0.0,12.6,54.8,112,72
Bengaluru,2026-02-27T22:00,26.0,24.9,0.0,18.4,43.5,112,72
Bengaluru,2026-02-27T23:00,23.6,22.1,0.0,24.5,35.4,111,72
Bengaluru,2026-02-28T00:00,22.2,21.5,0.0,31.3,32.1,111,72
Bengaluru,2026-02-28T01:00,21.4,21.0,0.0,27.0,31.5,111,72
Bengaluru,2026-02-28T02:00,20.6,20.6,0.0,23.4,31.8,111,72
Bengaluru,2026-02-28T03:00,20.4,20.5,0.0,22.0,32.2,111,72
Bengaluru,2026-02-28T04:00,20.1,20.1,0.0,21.6,33.1,112,72
Bengaluru,2026-02-28T05:00,20.5,21.2,0.0,19.1,41.6,112,72
Bengaluru,2026-02-28T06:00,20.5,21.3,0.0,15.5,43.7,113,73
Bengaluru,2026-02-28T07:00,21.5,22.0,0.0,15.8,47.7,114,73
Bengaluru,2026-02-28T08:00,24.0,24.0,0.0,23.8,39.3,114,73
Bengaluru,2026-02-28T09:00,26.0,25.5,0.0,29.9,36.4,114,73
Bengaluru,2026-02-28T10:00,28.0,28.7,0.0,29.9,35.0,114,73
Bengaluru,2026-02-28T11:00,28.4,29.2,0.0,25.9,34.9,114,73
Bengaluru,2026-02-28T12:00,30.0,31.3,0.0,26.6,34.7,114,73
Bengaluru,2026-02-28T13:00,30.8,31.7,0.0,29.2,34.8,114,73
Bengaluru,2026-02-28T14:00,30.8,30.3,0.0,30.6,34.7,114,73
Bengaluru,2026-02-28T15:00,30.6,29.3,0.0,30.6,34.7,115,73
Bengaluru,2026-02-28T16:00,30.2,28.9,0.0,26.3,34.8,133,73
Bengaluru,2026-02-28T17:00,29.5,28.3,0.0,23.4,48.5,148,73
Bengaluru,2026-02-28T18:00,28.9,27.2,0.0,22.3,60.5,156,73
Bengaluru,2026-02-28T19:00,27.9,26.7,0.0,22.0,67.1,154,73
Bengaluru,2026-02-28T20:00,27.0,25.9,0.0,11.5,64.3,139,73
Bengaluru,2026-02-28T21:00,26.1,24.9,0.0,14.0,58.3,115,73
Bengaluru,2026-02-28T22:00,24.8,22.9,0.0,27.4,56.1,114,73
Bengaluru,2026-02-28T23:00,22.9,22.0,0.0,33.5,56.9,116,73
Bengaluru,2026-03-01T00:00,22.0,21.6,0.0,28.4,58.2,118,74
Bengaluru,2026-03-01T01:00,21.3,21.3,0.0,24.1,60.1,121,75
Bengaluru,2026-03-01T02:00,20.8,20.7,0.0,22.3,62.2,124,76
Bengaluru,2026-03-01T03:00,20.6,20.6,0.0,22.3,65.4,127,77
Bengaluru,2026-03-01T04:00,20.2,20.8,0.0,19.8,71.2,130,78
Bengaluru,2026-03-01T05:00,20.2,21.2,0.0,10.4,77.3,134,79
Bengaluru,2026-03-01T06:00,20.2,21.1,0.0,9.0,82.2,138,81
Bengaluru,2026-03-01T07:00,21.2,22.0,0.0,11.9,93.8,142,82
Bengaluru,2026-03-01T08:00,23.6,24.0,0.0,17.6,67.5,147,83
Bengaluru,2026-03-01T09:00,25.6,25.8,0.0,20.5,57.0,150,84
Bengaluru,2026-03-01T10:00,27.7,29.1,0.0,20.9,53.1,150,85
Bengaluru,2026-03-01T11:00,28.0,29.8,0.0,18.7,51.6,151,86
Bengaluru,2026-03-01T12:00,29.9,31.1,0.0,22.0,49.4,151,86
Bengaluru,2026-03-01T13:00,30.5,30.9,0.0,25.9,46.7,151,87
Bengaluru,2026-03-01T14:00,31.0,30.7,0.0,27.7,44.8,152,87
Bengaluru,2026-03-01T15:00,31.0,29.6,0.0,27.7,43.4,152,87
Bengaluru,2026-03-01T16:00,31.1,29.7,0.0,24.8,42.5,152,88
Bengaluru,2026-03-01T17:00,29.9,28.2,0.0,20.2,41.7,152,88
Bengaluru,2026-03-01T18:00,29.0,27.1,0.0,28.4,51.5,157,88
Bengaluru,2026-03-01T19:00,28.5,26.6,0.0,29.2,59.0,153,87
Bengaluru,2026-03-01T20:00,28.0,26.5,0.0,25.2,57.5,152,87
Bengaluru,2026-03-01T21:00,27.0,25.4,0.0,19.8,51.3,152,87
Bengaluru,2026-03-01T22:00,24.6,23.0,0.0,30.6,48.2,152,87
Bengaluru,2026-03-01T23:00,23.3,22.2,0.0,33.8,47.7,151,86
Bengaluru,2026-03-02T00:00,22.5,22.4,0.0,33.1,48.0,151,86
Bengaluru,2026-03-02T01:00,21.8,22.1,0.0,21.2,48.4,151,86
Bengaluru,2026-03-02T02:00,21.1,21.6,0.0,19.1,48.8,151,85
Bengaluru,2026-03-02T03:00,20.9,21.8,0.0,16.9,49.2,150,85
Bengaluru,2026-03-02T04:00,20.9,21.6,0.0,11.5,49.5,150,84
Bengaluru,2026-03-02T05:00,20.6,20.9,0.0,16.2,60.3,148,84
Bengaluru,2026-03-02T06:00,20.3,20.8,0.0,18.0,64.7,146,83
Bengaluru,2026-03-02T07:00,21.0,21.7,0.0,13.3,73.3,144,83
Bengaluru,2026-03-02T08:00,23.6,24.1,0.0,16.2,55.5,142,82
Bengaluru,2026-03-02T09:00,26.2,26.3,0.0,18.0,51.1,141,81
Bengaluru,2026-03-02T10:00,28.5,29.0,0.0,22.3,47.1,140,81
Bengaluru,2026-03-02T11:00,29.9,30.3,0.0,29.9,43.9,140,81
Bengaluru,2026-03-02T12:00,31.1,30.9,0.0,34.2,41.3,139,81
Bengaluru,2026-03-02T13:00,31.9,31.0,0.0,37.1,39.5,138,81
Bengaluru,2026-03-02T14:00,31.9,30.0,0.0,36.7,38.3,137,80
Bengaluru,2026-03-02T15:00,32.2,30.6,0.0,36.0,37.1,136,80
Bengaluru,2026-03-02T16:00,32.0,29.8,0.0,33.1,36.4,136,80
Bengaluru,2026-03-02T17:00,31.4,28.9,0.0,32.0,38.6,143,80
Bengaluru,2026-03-02T18:00,29.6,27.4,0.0,31.7,45.1,148,80
Bengaluru,2026-03-02T19:00,28.6,26.3,0.0,31.3,49.7,142,79
Bengaluru,2026-03-02T20:00,27.5,25.7,0.0,31.0,48.9,133,79
Bengaluru,2026-03-02T21:00,26.2,24.3,0.0,25.2,45.8,132,79
Bengaluru,2026-03-02T22:00,25.1,23.0,0.0,29.5,43.5,132,79
Bengaluru,2026-03-02T23:00,23.5,22.0,0.0,35.3,42.7,131,78
Bengaluru,2026-03-03T00:00,22.8,21.8,0.0,31.0,42.1,131,78
Bengaluru,2026-03-03T01:00,22.4,21.5,0.0,28.4,41.9,130,78
Bengaluru,2026-03-03T02:00,21.9,21.1,0.0,29.2,41.7,129,78
Bengaluru,2026-03-03T03:00,21.5,20.5,0.0,30.6,41.4,129,78
Bengaluru,2026-03-03T04:00,21.1,20.1,0.0,30.6,41.1,128,77
Bengaluru,2026-03-03T05:00,20.6,19.8,0.0,29.2,43.3,127,77
Bengaluru,2026-03-03T06:00,20.6,19.6,0.0,27.4,43.9,125,76
Bengaluru,2026-03-03T07:00,21.6,20.6,0.0,26.3,47.3,123,76
Bengaluru,2026-03-03T08:00,24.3,23.2,0.0,24.5,43.7,120,75
Bengaluru,2026-03-03T09:00,27.1,25.1,0.0,32.4,37.5,119,75
Bengaluru,2026-03-03T10:00,29.1,27.5,0.0,39.2,30.3,118,74
Bengaluru,2026-03-03T11:00,29.9,28.6,0.0,44.3,26.7,116,74
Bengaluru,2026-03-03T12:00,31.0,29.9,0.0,43.6,25.3,114,73
Bengaluru,2026-03-03T13:00,31.5,30.8,0.0,43.2,25.0,112,72
Bengaluru,2026-03-03T14:00,31.8,30.9,0.0,41.4,25.9,111,72
Bengaluru,2026-03-03T15:00,31.2,29.6,0.0,43.6,27.1,110,71
Bengaluru,2026-03-03T16:00,31.0,28.4,0.0,41.4,28.3,109,71
Bengaluru,2026-03-03T17:00,29.9,27.1,0.0,40.0,28.4,118,71
Bengaluru,2026-03-03T18:00,28.5,26.0,0.0,36.7,32.5,123,71
Bengaluru,2026-03-03T19:00,28.0,25.8,0.0,31.0,35.0,120,70
Bengaluru,2026-03-03T20:00,26.8,24.7,0.0,28.1,34.6,111,70
Bengaluru,2026-03-03T21:00,25.5,23.5,0.0,28.1,33.8,102,69
Bengaluru,2026-03-03T22:00,24.6,22.5,0.0,28.8,34.2,101,69
Bengaluru,2026-03-03T23:00,23.6,21.7,0.0,29.5,35.4,100,68
Bengaluru,2026-03-04T00:00,22.5,21.2,0.0,29.5,36.0,100,68
Bengaluru,2026-03-04T01:00,21.9,20.8,0.0,26.3,36.4,99,68
Bengaluru,2026-03-04T02:00,21.4,20.5,0.0,25.2,36.8,98,68
Bengaluru,2026-03-04T03:00,20.9,20.1,0.0,24.1,37.0,98,68
Bengaluru,2026-03-04T04:00,20.4,19.6,0.0,23.4,37.3,98,68
Bengaluru,2026-03-04T05:00,20.1,19.6,0.0,23.8,34.7,97,67
Bengaluru,2026-03-04T06:00,20.1,19.6,0.0,23.4,34.9,97,67
Bengaluru,2026-03-04T07:00,21.1,20.5,0.0,22.3,37.8,96,67
Bengaluru,2026-03-04T08:00,24.0,22.9,0.0,22.3,36.6,95,66
Bengaluru,2026-03-04T09:00,26.6,24.4,0.0,32.8,32.8,94,66
Bengaluru,2026-03-04T10:00,28.6,27.0,0.0,38.5,28.7,94,66
Bengaluru,2026-03-04T11:00,29.4,28.6,0.0,41.8,26.0,94,66
Bengaluru,2026-03-04T12:00,30.5,30.4,0.0,40.0,25.1,94,66
Bengaluru,2026-03-04T13:00,31.2,31.2,0.0,40.3,25.2,94,66
Bengaluru,2026-03-04T14:00,31.6,31.2,0.0,40.0,25.5,94,66
Bengaluru,2026-03-04T15:00,31.7,30.8,0.0,37.8,25.8,94,66
Bengaluru,2026-03-04T16:00,31.4,29.5,0.0,32.8,25.9,108,66
Bengaluru,2026-03-04T17:00,30.5,28.2,0.0,30.6,28.4,120,66
Bengaluru,2026-03-04T18:00,29.0,27.0,0.0,29.5,32.5,128,66
Bengaluru,2026-03-04T19:00,28.0,25.9,0.0,25.9,35.3,129,66
Bengaluru,2026-03-04T20:00,27.1,25.1,0.0,27.0,34.1,122,66
Bengaluru,2026-03-04T21:00,26.3,24.1,0.0,28.8,31.7,110,66
Bengaluru,2026-03-04T22:00,24.8,22.7,0.0,29.5,29.9,96,66
Bengaluru,2026-03-04T23:00,23.5,21.9,0.0,27.0,28.3,93,66
Bengaluru,2026-03-05T00:00,22.4,21.5,0.0,24.8,26.8,92,65
Bengaluru,2026-03-05T01:00,21.7,21.2,0.0,20.5,26.2,91,65
Bengaluru,2026-03-05T02:00,21.3,20.9,0.0,17.6,26.1,90,65
Bengaluru,2026-03-05T03:00,21.0,20.4,0.0,18.7,26.6,89,64
Bengaluru,2026-03-05T04:00,20.9,20.2,0.0,20.5,28.3,88,64
Bengaluru,2026-03-05T05:00,19.6,19.9,0.0,20.5,31.0,88,64
Bengaluru,2026-03-05T06:00,19.2,19.5,0.0,12.6,33.4,87,64
Bengaluru,2026-03-05T07:00,20.5,20.9,0.0,10.1,40.2,87,64
Bengaluru,2026-03-05T08:00,23.4,23.6,0.0,14.0,31.1,87,64
Bengaluru,2026-03-05T09:00,26.1,25.5,0.0,19.1,25.2,87,63
Bengaluru,2026-03-05T10:00,28.4,28.1,0.0,25.2,24.2,86,63
Bengaluru,2026-03-05T11:00,29.4,29.8,0.0,31.0,25.2,86,67
Bengaluru,2026-03-05T12:00,31.0,31.7,0.0,30.6,25.0,86,69
Bengaluru,2026-03-05T13:00,32.1,32.6,0.0,31.7,24.3,86,69
Bengaluru,2026-03-05T14:00,32.7,32.3,0.0,33.1,23.6,86,68
Bengaluru,2026-03-05T15:00,32.8,31.2,0.0,33.1,22.9,103,68
Bengaluru,2026-03-05T16:00,32.3,29.4,0.0,33.1,22.4,125,67
Bengaluru,2026-03-05T17:00,31.5,28.4,0.0,31.7,20.8,143,66
Bengaluru,2026-03-05T18:00,30.1,27.4,0.0,30.6,27.5,153,63
Bengaluru,2026-03-05T19:00,29.2,27.0,0.0,21.2,37.7,151,62
Bengaluru,2026-03-05T20:00,28.1,25.8,0.0,14.0,44.5,131,62
Bengaluru,2026-03-05T21:00,26.4,24.4,0.0,14.0,47.0,101,63
Bengaluru,2026-03-05T22:00,25.4,23.2,0.0,13.3,46.1,86,63
Bengaluru,2026-03-05T23:00,24.3,22.4,0.0,15.1,43.8,88,64
Bengaluru,2026-03-06T00:00,23.2,21.9,0.0,13.3,40.4,89,64
Bengaluru,2026-03-06T01:00,22.5,21.4,0.0,12.2,39.2,90,65
Bengaluru,2026-03-06T02:00,22.0,21.0,0.0,16.6,39.3,92,65
Bengaluru,2026-03-06T03:00,21.8,20.9,0.0,15.8,40.3,93,66
Bengaluru,2026-03-06T04:00,21.6,20.7,0.0,14.4,42.0,94,66
Bengaluru,2026-03-06T05:00,20.9,20.2,0.0,14.4,39.9,95,67
Bengaluru,2026-03-06T06:00,20.2,19.8,0.0,16.6,41.6,96,67
Bengaluru,2026-03-06T07:00,21.1,20.7,0.0,13.0,48.7,97,67
Bengaluru,2026-03-06T08:00,23.8,23.5,0.0,17.6,37.5,97,67
Bengaluru,2026-03-06T09:00,26.5,26.1,0.0,21.6,34.3,98,68
Bengaluru,2026-03-06T10:00,29.0,30.0,0.0,21.6,33.8,99,68
Bengaluru,2026-03-06T11:00,30.3,31.1,0.0,20.5,31.5,100,71
Bengaluru,2026-03-06T12:00,32.2,32.8,0.0,27.7,30.5,100,73
Bengaluru,2026-03-06T13:00,33.0,33.5,0.0,29.2,30.3,101,74
Bengaluru,2026-03-06T14:00,33.5,33.4,0.0,29.2,29.6,109,75
Bengaluru,2026-03-06T15:00,33.5,32.4,0.0,28.1,29.0,135,75
Bengaluru,2026-03-06T16:00,33.0,30.5,0.0,28.1,28.2,160,75
Bengaluru,2026-03-06T17:00,32.2,29.4,0.0,28.4,28.2,179,69
Bengaluru,2026-03-06T18:00,30.9,28.2,0.0,27.0,36.7,189,70
Bengaluru,2026-03-06T19:00,29.5,27.4,0.0,21.6,46.8,186,70
Bengaluru,2026-03-06T20:00,28.5,26.9,0.0,19.1,50.4,169,70
Bengaluru,2026-03-06T21:00,27.0,25.5,0.0,10.8,45.2,141,71
Bengaluru,2026-03-06T22:00,26.4,24.4,0.0,9.4,41.9,106,70
Bengaluru,2026-03-06T23:00,25.5,23.2,0.0,10.1,40.5,106,70
Bengaluru,2026-03-07T00:00,23.8,23.2,0.0,19.1,38.9,106,70
Bengaluru,2026-03-07T01:00,22.9,22.2,0.0,22.0,38.8,105,70
Bengaluru,2026-03-07T02:00,22.5,22.1,0.0,21.2,39.8,105,70
Bengaluru,2026-03-07T03:00,22.0,21.4,0.0,20.5,43.8,105,70
Bengaluru,2026-03-07T04:00,21.4,20.7,0.0,20.5,47.6,106,70
Bengaluru,2026-03-07T05:00,19.9,21.4,0.0,19.1,50.2,106,70
Bengaluru,2026-03-07T06:00,19.6,21.9,0.0,22.3,51.6,107,71
Bengaluru,2026-03-07T07:00,19.8,22.2,0.0,19.8,58.0,109,71
Bengaluru,2026-03-07T08:00,21.9,24.3,0.0,19.1,48.4,109,71
Bengaluru,2026-03-07T09:00,25.2,27.1,0.0,19.1,41.9,111,72
Bengaluru,2026-03-07T10:00,28.4,30.5,0.0,20.5,37.6,111,72
Bengaluru,2026-03-07T11:00,29.5,31.7,0.0,20.5,33.8,112,72
Bengaluru,2026-03-07T12:00,32.0,33.5,0.0,25.2,31.2,112,73
Bengaluru,2026-03-07T13:00,33.0,33.8,0.0,28.8,30.5,112,72
Bengaluru,2026-03-07T14:00,33.6,33.0,0.0,32.8,29.7,112,72
Bengaluru,2026-03-07T15:00,33.2,31.4,0.0,37.1,28.7,125,72
Bengaluru,2026-03-07T16:00,32.5,29.7,0.0,37.4,27.5,148,72
Bengaluru,2026-03-07T17:00,32.0,29.7,0.0,33.8,23.4,163,72
Bengaluru,2026-03-07T18:00,30.9,28.8,0.0,21.6,29.7,172,72
Bengaluru,2026-03-07T19:00,29.8,27.1,0.0,26.3,37.4,170,72
Bengaluru,2026-03-07T20:00,28.8,26.4,0.0,22.3,38.3,156,72
Bengaluru,2026-03-07T21:00,27.2,25.1,0.0,14.8,36.4,131,71
Bengaluru,2026-03-07T22:00,26.0,23.6,0.0,19.8,37.0,108,71
Bengaluru,2026-03-07T23:00,24.4,23.4,0.0,25.6,38.8,107,71
Bengaluru,2026-03-08T00:00,23.4,23.4,0.0,27.4,40.0,107,71
Bengaluru,2026-03-08T01:00,22.6,23.4,0.0,25.2,41.2,107,71
Bengaluru,2026-03-08T02:00,21.9,23.0,0.0,20.2,43.7,107,71
Bengaluru,2026-03-08T03:00,21.5,22.7,0.0,19.8,46.2,108,71
Bengaluru,2026-03-08T04:00,21.1,22.5,0.0,18.7,49.1,108,71
Bengaluru,2026-03-08T05:00,21.0,22.3,0.0,15.8,54.4,108,71
Bengaluru,2026-03-08T06:00,20.8,22.1,0.0,14.8,58.4,109,71
Bengaluru,2026-03-08T07:00,21.8,23.2,0.0,13.0,65.0,109,71
Bengaluru,2026-03-08T08:00,24.6,25.9,0.0,14.4,45.3,110,72
Bengaluru,2026-03-08T09:00,27.5,27.6,0.0,18.7,38.3,110,72
Bengaluru,2026-03-08T10:00,29.6,30.0,0.0,23.8,34.7,109,71
Bengaluru,2026-03-08T11:00,30.5,31.0,0.0,29.5,34.1,109,71
Bengaluru,2026-03-08T12:00,32.0,32.3,0.0,32.4,32.2,109,71
Bengaluru,2026-03-08T13:00,33.0,32.9,0.0,33.5,30.4,109,71
Bengaluru,2026-03-08T14:00,32.9,31.7,0.0,39.6,29.3,114,71
Bengaluru,2026-03-08T15:00,32.4,30.8,0.0,40.0,28.8,134,71
Bengaluru,2026-03-08T16:00,32.1,29.5,0.0,33.8,28.3,152,71
Bengaluru,2026-03-08T17:00,31.5,29.2,0.0,32.4,24.0,164,71
Bengaluru,2026-03-08T18:00,29.8,27.4,0.0,25.9,30.3,170,71
Bengaluru,2026-03-08T19:00,28.7,26.2,0.0,27.7,36.0,166,71
Bengaluru,2026-03-08T20:00,27.9,25.6,0.0,27.7,35.6,153,71
Bengaluru,2026-03-08T21:00,27.1,24.7,0.0,21.6,32.7,131,71
Bengaluru,2026-03-08T22:00,25.9,23.6,0.0,22.0,32.6,109,71
Bengaluru,2026-03-08T23:00,24.2,22.7,0.0,25.2,34.0,108,71
Bengaluru,2026-03-09T00:00,23.2,22.5,0.0,23.8,34.7,108,71
Bengaluru,2026-03-09T01:00,22.4,22.5,0.0,21.2,35.3,107,71
Bengaluru,2026-03-09T02:00,21.4,21.7,0.0,17.6,35.7,106,70
Bengaluru,2026-03-09T03:00,20.6,21.4,0.0,20.9,38.2,106,70
Bengaluru,2026-03-09T04:00,19.9,21.1,0.0,20.9,41.0,105,70
Bengaluru,2026-03-09T05:00,19.8,21.3,0.0,19.1,42.6,104,70
Bengaluru,2026-03-09T06:00,19.9,21.4,0.0,17.3,45.4,103,69
Bengaluru,2026-03-09T07:00,20.8,22.3,0.0,14.4,52.6,101,69
Bengaluru,2026-03-09T08:00,23.4,24.7,0.0,16.9,39.2,100,68
Bengaluru,2026-03-09T09:00,26.1,26.7,0.0,19.8,33.5,99,68
Bengaluru,2026-03-09T10:00,28.4,29.7,0.0,21.2,32.5,99,68
Bengaluru,2026-03-09T11:00,29.2,30.5,0.0,29.5,31.3,99,68
Bengaluru,2026-03-09T12:00,30.8,30.7,0.0,40.3,30.7,99,68
Bengaluru,2026-03-09T13:00,31.2,29.9,0.0,41.8,31.3,98,68
Bengaluru,2026-03-09T14:00,30.6,28.8,0.0,49.0,32.0,99,68
Bengaluru,2026-03-09T15:00,30.9,29.0,0.0,48.6,32.1,99,68
Bengaluru,2026-03-09T16:00,30.0,27.4,0.0,45.4,33.1,108,68
Bengaluru,2026-03-09T17:00,29.1,26.6,0.0,44.6,43.7,124,68
Bengaluru,2026-03-09T18:00,27.8,25.6,0.0,40.3,45.4,133,69
Bengaluru,2026-03-09T19:00,27.0,25.2,0.0,36.7,46.1,131,69
Bengaluru,2026-03-09T20:00,25.9,24.4,0.0,33.5,45.6,122,70
Bengaluru,2026-03-09T21:00,24.1,22.9,0.0,37.8,45.5,109,70
Bengaluru,2026-03-09T22:00,22.7,22.2,0.0,38.2,46.0,106,70
Bengaluru,2026-03-09T23:00,22.1,22.5,0.0,33.1,46.2,108,71
Bengaluru,2026-03-10T00:00,21.0,22.0,0.0,29.5,45.8,109,71
Bengaluru,2026-03-10T01:00,20.4,21.7,0.0,28.1,45.4,110,72
Bengaluru,2026-03-10T02:00,20.1,21.6,0.0,26.3,46.0,111,72
Bengaluru,2026-03-10T03:00,19.7,21.1,0.0,25.9,47.4,112,72
Bengaluru,2026-03-10T04:00,19.1,20.6,0.0,24.8,49.2,113,73
Bengaluru,2026-03-10T05:00,18.7,20.3,0.0,22.7,52.7,114,73
Bengaluru,2026-03-10T06:00,18.4,19.9,0.0,20.2,54.2,115,73
Bengaluru,2026-03-10T07:00,19.0,20.2,0.0,21.6,56.9,116,74
Bengaluru,2026-03-10T08:00,21.1,21.4,0.0,24.1,46.4,117,74
Bengaluru,2026-03-10T09:00,23.6,22.7,0.0,31.0,35.9,117,74
Bengaluru,2026-03-10T10:00,25.8,24.9,0.0,35.6,27.5,118,74
Bengaluru,2026-03-10T11:00,27.0,26.1,0.0,37.1,21.0,117,74
Bengaluru,2026-03-10T12:00,28.6,28.0,0.0,36.7,17.3,116,74
Bengaluru,2026-03-10T13:00,29.5,29.2,0.0,36.0,16.0,115,73
Bengaluru,2026-03-10T14:00,29.9,29.2,0.0,37.4,15.9,113,73
Bengaluru,2026-03-10T15:00,29.5,28.0,0.0,40.0,16.1,111,72
Bengaluru,2026-03-10T16:00,29.2,27.2,0.0,40.0,16.6,110,72
Bengaluru,2026-03-10T17:00,28.5,26.5,0.0,34.6,13.7,108,71
Bengaluru,2026-03-10T18:00,27.2,24.9,0.0,37.4,17.3,105,70
Bengaluru,2026-03-10T19:00,26.5,24.7,0.0,36.0,21.2,102,69
Bengaluru,2026-03-10T20:00,25.6,24.0,0.0,28.8,23.2,99,68
Bengaluru,2026-03-10T21:00,24.4,23.0,0.0,28.4,23.2,97,67
Bengaluru,2026-03-10T22:00,23.2,22.0,0.0,30.2,23.0,95,67
Bengaluru,2026-03-10T23:00,22.2,22.1,0.0,32.4,22.4,93,66
Bengaluru,2026-03-11T00:00,21.1,21.6,0.0,29.2,21.4,91,65
Bengaluru,2026-03-11T01:00,20.3,20.9,0.0,28.8,21.6,89,64
Bengaluru,2026-03-11T02:00,19.4,20.2,0.0,28.4,22.2,87,64
Bengaluru,2026-03-11T03:00,18.8,19.5,0.0,27.4,22.8,85,63
Bengaluru,2026-03-11T04:00,18.0,18.8,0.0,25.9,23.2,83,62
Bengaluru,2026-03-11T05:00,18.6,19.7,0.0,25.2,21.2,80,61
Bengaluru,2026-03-11T06:00,18.4,19.7,0.0,23.8,21.8,78,60
Bengaluru,2026-03-11T07:00,19.1,20.4,0.0,19.1,24.9,75,55
Bengaluru,2026-03-11T08:00,21.3,22.3,0.0,22.7,18.8,72,49
Bengaluru,2026-03-11T09:00,24.0,24.1,0.0,27.4,15.7,70,45
Bengaluru,2026-03-11T10:00,26.6,26.7,0.0,33.5,13.5,68,41
Bengaluru,2026-03-11T11:00,27.7,28.0,0.0,35.3,11.9,66,47
Bengaluru,2026-03-11T12:00,29.4,30.3,0.0,35.3,10.8,66,53
Bengaluru,2026-03-11T13:00,30.6,31.5,0.0,33.8,9.9,65,55
Bengaluru,2026-03-11T14:00,31.2,31.4,0.0,34.9,9.4,65,56
Bengaluru,2026-03-11T15:00,31.1,30.3,0.0,35.3,9.1,64,55
Bengaluru,2026-03-11T16:00,30.6,28.6,0.0,35.3,8.9,63,52
Bengaluru,2026-03-11T17:00,30.2,28.4,0.0,34.6,7.2,63,49
Bengaluru,2026-03-11T18:00,29.2,27.6,0.0,27.0,10.6,63,39
Bengaluru,2026-03-11T19:00,28.1,26.8,0.0,24.8,16.2,64,35
Bengaluru,2026-03-11T20:00,27.0,26.0,0.0,23.8,17.9,61,34
Bengaluru,2026-03-11T21:00,25.4,24.2,0.0,27.0,18.0,61,34
Bengaluru,2026-03-11T22:00,24.4,23.4,0.0,29.9,19.1,60,34
Bengaluru,2026-03-11T23:00,23.8,23.5,0.0,28.1,20.3,60,33
Bengaluru,2026-03-12T00:00,23.0,23.0,0.0,23.8,20.7,60,33
Bengaluru,2026-03-12T01:00,22.1,22.4,0.0,22.3,23.1,60,33
Bengaluru,2026-03-12T02:00,21.4,21.9,0.0,19.8,25.8,60,33
Bengaluru,2026-03-12T03:00,20.9,21.5,0.0,17.6,28.9,60,33
Bengaluru,2026-03-12T04:00,20.3,21.0,0.0,16.9,31.8,61,34
Bengaluru,2026-03-12T05:00,20.1,21.0,0.0,16.6,33.4,61,35
Bengaluru,2026-03-12T06:00,20.1,21.0,0.0,16.6,35.7,62,36
Bengaluru,2026-03-12T07:00,21.1,22.2,0.0,16.6,39.9,64,37
Bengaluru,2026-03-12T08:00,24.0,25.0,0.0,16.6,24.4,65,38
Bengaluru,2026-03-12T09:00,27.0,26.2,0.0,25.6,18.2,65,41
Bengaluru,2026-03-12T10:00,29.0,28.1,0.0,36.0,14.7,66,49
Bengaluru,2026-03-12T11:00,30.2,29.5,0.0,39.6,15.1,66,56
Bengaluru,2026-03-12T12:00,31.5,30.9,0.0,40.3,17.9,66,59
Bengaluru,2026-03-12T13:00,32.0,31.4,0.0,41.8,18.5,67,60
Bengaluru,2026-03-12T14:00,32.4,31.4,0.0,41.4,18.7,67,60
Bengaluru,2026-03-12T15:00,32.3,30.3,0.0,41.8,18.8,68,59
Bengaluru,2026-03-12T16:00,31.6,28.6,0.0,41.8,18.9,69,56
Bengaluru,2026-03-12T17:00,30.7,27.5,0.0,40.7,20.1,76,53
Bengaluru,2026-03-12T18:00,29.9,27.3,0.0,38.2,22.6,79,48
Bengaluru,2026-03-12T19:00,28.8,26.7,0.0,26.6,24.2,78,50
Bengaluru,2026-03-12T20:00,27.7,25.6,0.0,24.1,23.8,73,51
Bengaluru,2026-03-12T21:00,26.5,24.2,0.0,27.7,23.6,73,52
Bengaluru,2026-03-12T22:00,25.1,23.4,0.0,28.8,24.2,74,53
Bengaluru,2026-03-12T23:00,24.4,23.4,0.0,29.2,25.0,74,54
Bengaluru,2026-03-13T00:00,23.6,23.1,0.0,26.6,24.9,75,55
Bengaluru,2026-03-13T01:00,22.9,22.7,0.0,22.7,25.0,75,55
Bengaluru,2026-03-13T02:00,22.5,22.4,0.0,19.8,25.5,75,56
Bengaluru,2026-03-13T03:00,22.0,21.7,0.0,20.2,26.4,75,56
Bengaluru,2026-03-13T04:00,21.5,21.3,0.0,20.2,28.3,75,55
Bengaluru,2026-03-13T05:00,21.5,21.7,0.0,19.8,36.7,75,55
Bengaluru,2026-03-13T06:00,21.7,21.8,0.0,18.0,38.4,75,55
Bengaluru,2026-03-13T07:00,23.1,23.0,0.0,18.4,44.1,75,56
Bengaluru,2026-03-13T08:00,26.0,25.9,0.0,19.1,38.5,76,56
Bengaluru,2026-03-13T09:00,28.3,26.2,0.0,32.0,38.5,77,59
Bengaluru,2026-03-13T10:00,29.5,28.9,0.0,33.5,38.6,79,63
Bengaluru,2026-03-13T11:00,30.1,30.5,0.0,33.1,37.8,81,67
Bengaluru,2026-03-13T12:00,31.5,32.3,0.0,31.7,36.8,83,67
Bengaluru,2026-03-13T13:00,32.5,32.9,0.0,34.9,35.4,85,67
Bengaluru,2026-03-13T14:00,33.2,32.9,0.0,34.9,33.5,86,66
Bengaluru,2026-03-13T15:00,32.8,31.1,0.0,35.6,31.4,101,65
Bengaluru,2026-03-13T16:00,32.0,28.6,0.0,40.7,30.0,118,64
Bengaluru,2026-03-13T17:00,32.0,28.4,0.0,40.3,30.3,130,64
Bengaluru,2026-03-13T18:00,29.3,26.4,0.0,40.3,32.2,135,65
Bengaluru,2026-03-13T19:00,28.0,25.4,0.0,41.0,34.0,131,65
Bengaluru,2026-03-13T20:00,27.5,24.9,0.0,37.8,34.8,120,65
Bengaluru,2026-03-13T21:00,26.3,24.0,0.0,36.4,35.6,105,66
Bengaluru,2026-03-13T22:00,25.2,23.5,0.0,33.8,36.6,94,66
Bengaluru,2026-03-13T23:00,24.1,23.1,0.0,31.0,37.3,95,67
Bengaluru,2026-03-14T00:00,23.2,22.5,0.0,24.5,37.5,96,67
Bengaluru,2026-03-14T01:00,22.2,22.0,0.0,22.0,37.8,97,67
Bengaluru,2026-03-14T02:00,21.4,22.0,0.0,19.1,38.3,99,68
Bengaluru,2026-03-14T03:00,20.6,21.5,0.0,11.9,40.0,100,68
Bengaluru,2026-03-14T04:00,20.0,20.9,0.0,14.4,41.6,101,69
Bengaluru,2026-03-14T05:00,20.5,21.4,0.0,15.5,45.9,102,69
Bengaluru,2026-03-14T06:00,20.5,21.7,0.0,15.1,46.8,103,69
Bengaluru,2026-03-14T07:00,21.8,22.6,0.0,13.0,47.5,104,70
Bengaluru,2026-03-14T08:00,24.4,24.5,0.0,19.8,33.4,105,70
Bengaluru,2026-03-14T09:00,26.7,26.2,0.0,23.8,31.8,104,70
Bengaluru,2026-03-14T10:00,29.0,28.8,0.0,27.0,32.6,103,69
Bengaluru,2026-03-14T11:00,30.2,30.2,0.0,30.6,31.5,103,69
Bengaluru,2026-03-14T12:00,31.4,31.6,0.0,34.2,29.6,102,69
Bengaluru,2026-03-14T13:00,32.0,32.2,0.0,34.6,27.9,101,69
Bengaluru,2026-03-14T14:00,32.3,32.2,0.0,34.2,26.5,101,69
Bengaluru,2026-03-14T15:00,32.3,30.8,0.0,33.8,25.4,100,68
Bengaluru,2026-03-14T16:00,31.8,28.7,0.0,36.4,24.7,112,68
Bengaluru,2026-03-14T17:00,31.1,27.8,0.0,36.4,21.3,129,68
Bengaluru,2026-03-14T18:00,29.8,26.9,0.0,33.1,24.6,138,68
Bengaluru,2026-03-14T19:00,29.1,26.3,0.0,25.9,25.8,137,67
Bengaluru,2026-03-14T20:00,27.6,25.0,0.0,25.6,24.1,128,67
Bengaluru,2026-03-14T21:00,26.2,24.1,0.0,35.6,23.2,113,67
Bengaluru,2026-03-14T22:00,24.9,23.5,0.0,37.1,23.7,96,66
Bengaluru,2026-03-14T23:00,24.0,23.3,0.0,31.7,24.4,94,66
Bengaluru,2026-03-15T00:00,23.1,22.9,0.0,27.0,24.3,92,66
Bengaluru,2026-03-15T01:00,22.4,22.6,0.0,22.0,24.4,91,65
Bengaluru,2026-03-15T02:00,21.8,22.3,0.0,15.8,25.8,90,65
Bengaluru,2026-03-15T03:00,21.1,21.8,0.0,13.7,29.2,89,64
Bengaluru,2026-03-15T04:00,20.7,21.3,0.0,13.3,33.3,88,64
Bengaluru,2026-03-15T05:00,21.0,21.7,0.0,13.7,37.4,87,64
Bengaluru,2026-03-15T06:00,20.6,21.3,0.0,10.1,40.6,86,63
Bengaluru,2026-03-15T07:00,21.8,22.3,0.0,12.6,46.3,86,63
Bengaluru,2026-03-15T08:00,23.8,24.5,0.0,19.4,25.5,86,63
Bengaluru,2026-03-15T09:00,26.1,26.7,0.0,20.9,18.9,85,63
Bengaluru,2026-03-15T10:00,28.5,30.0,0.0,18.7,18.6,84,62
Bengaluru,2026-03-15T11:00,29.5,30.6,0.0,22.0,19.8,83,66
Bengaluru,2026-03-15T12:00,31.3,32.2,0.0,28.1,21.1,82,68
Bengaluru,2026-03-15T13:00,32.3,32.9,0.0,29.2,22.0,81,69
Bengaluru,2026-03-15T14:00,33.0,32.6,0.0,30.6,22.8,82,70
Bengaluru,2026-03-15T15:00,32.8,31.2,0.0,33.8,23.1,106,69
Bengaluru,2026-03-15T16:00,32.2,29.2,0.0,34.6,23.1,127,68
Bengaluru,2026-03-15T17:00,31.3,28.2,0.0,33.1,24.8,145,65
Bengaluru,2026-03-15T18:00,30.1,27.3,0.0,32.4,29.6,154,62
Bengaluru,2026-03-15T19:00,29.1,26.3,0.0,31.0,33.1,154,61
Bengaluru,2026-03-15T20:00,27.7,25.2,0.0,30.6,29.5,144,61
Bengaluru,2026-03-15T21:00,26.2,24.2,0.0,32.0,26.4,126,61
Bengaluru,2026-03-15T22:00,24.7,23.4,0.0,33.8,25.1,106,62
Bengaluru,2026-03-15T23:00,23.5,22.9,0.0,29.5,25.1,88,62
Bengaluru,2026-03-16T00:00,22.6,22.7,0.0,26.6,25.0,82,62
Bengaluru,2026-03-16T01:00,22.0,22.5,0.0,20.5,24.8,82,62
Bengaluru,2026-03-16T02:00,21.5,22.0,0.0,17.3,27.0,82,62
Bengaluru,2026-03-16T03:00,21.2,21.8,0.0,16.9,31.2,82,62
Bengaluru,2026-03-16T04:00,20.7,21.6,0.0,13.0,34.9,82,62
Bengaluru,2026-03-16T05:00,21.3,22.3,0.0,9.7,37.4,83,62
Bengaluru,2026-03-16T06:00,21.1,22.0,0.0,11.5,40.6,83,62
Bengaluru,2026-03-16T07:00,21.9,22.8,0.0,13.0,47.1,83,62
Bengaluru,2026-03-16T08:00,24.1,25.2,0.0,15.5,34.9,83,62
Bengaluru,2026-03-16T09:00,26.5,27.2,0.0,21.6,28.6,84,62
Bengaluru,2026-03-16T10:00,28.5,30.2,0.0,23.4,25.5,84,64
Bengaluru,2026-03-16T11:00,28.9,31.3,0.0,24.1,25.1,85,69
Bengaluru,2026-03-16T12:00,30.8,33.2,0.0,19.8,25.6,85,71
Bengaluru,2026-03-16T13:00,32.5,34.8,0.0,17.6,26.0,86,72
Bengaluru,2026-03-16T14:00,33.0,34.0,0.0,18.7,26.8,93,72
Bengaluru,2026-03-16T15:00,32.8,32.4,0.0,21.2,27.2,121,72
Bengaluru,2026-03-16T16:00,32.5,30.9,0.0,24.8,27.5,147,71
Bengaluru,2026-03-16T17:00,31.0,28.9,0.1,28.8,38.4,164,70
Bengaluru,2026-03-16T18:00,30.6,28.4,0.0,26.6,42.8,174,65
Bengaluru,2026-03-16T19:00,29.7,27.3,0.0,25.2,44.5,175,65
Bengaluru,2026-03-16T20:00,28.7,26.3,0.0,25.2,41.9,166,65
Bengaluru,2026-03-16T21:00,27.7,26.1,0.0,23.4,40.7,149,65
Bengaluru,2026-03-16T22:00,26.7,25.4,0.0,16.9,42.4,124,66
Bengaluru,2026-03-16T23:00,25.2,25.3,0.0,18.4,43.7,98,66
Bengaluru,2026-03-17T00:00,24.2,24.3,0.1,9.7,41.7,96,67
Bengaluru,2026-03-17T01:00,23.8,23.6,0.0,13.7,37.3,98,68
Bengaluru,2026-03-17T02:00,23.0,23.6,0.0,20.9,32.9,99,68
Bengaluru,2026-03-17T03:00,21.9,22.9,0.0,20.5,30.2,99,68
Bengaluru,2026-03-17T04:00,20.6,22.4,0.0,22.0,29.6,99,68
Bengaluru,2026-03-17T05:00,20.0,22.0,0.0,20.5,39.6,99,68
Bengaluru,2026-03-17T06:00,20.0,22.1,0.0,21.2,36.9,99,68
Bengaluru,2026-03-17T07:00,20.8,23.0,0.0,17.3,37.1,99,68
Bengaluru,2026-03-17T08:00,23.2,25.2,0.0,19.1,30.9,98,68
Bengaluru,2026-03-17T09:00,25.9,27.4,0.0,19.8,26.0,97,67
Bengaluru,2026-03-17T10:00,28.4,30.4,0.0,26.6,27.0,97,67
Bengaluru,2026-03-17T11:00,29.2,31.2,0.0,27.0,29.6,97,67
Bengaluru,2026-03-17T12:00,31.1,32.4,0.0,26.3,32.4,98,68
Bengaluru,2026-03-17T13:00,32.2,33.1,0.0,30.2,35.0,98,69
Bengaluru,2026-03-17T14:00,32.5,32.3,0.0,32.0,37.3,99,69
Bengaluru,2026-03-17T15:00,32.5,31.5,0.0,31.3,38.9,100,69
Bengaluru,2026-03-17T16:00,31.0,29.4,0.0,29.9,39.5,117,69
Bengaluru,2026-03-17T17:00,28.5,26.6,0.7,34.6,44.5,137,69
Bengaluru,2026-03-17T18:00,27.3,26.1,0.5,32.0,48.2,147,69
Bengaluru,2026-03-17T19:00,26.6,25.2,0.2,31.3,49.4,146,70
Bengaluru,2026-03-17T20:00,25.9,24.4,0.0,33.8,49.5,135,70
Bengaluru,2026-03-17T21:00,25.2,24.3,0.0,28.1,44.8,116,70
Bengaluru,2026-03-17T22:00,24.9,24.8,0.0,21.2,39.7,105,70
Bengaluru,2026-03-17T23:00,24.8,25.5,0.0,9.4,35.9,105,70
Bengaluru,2026-03-18T00:00,21.0,20.6,0.8,26.6,33.1,104,70
Bengaluru,2026-03-18T01:00,20.1,21.5,0.1,28.4,31.7,103,70
Bengaluru,2026-03-18T02:00,20.4,20.9,0.0,13.0,31.3,103,69
Bengaluru,2026-03-18T03:00,20.1,21.3,0.0,12.6,31.1,103,69
Bengaluru,2026-03-18T04:00,19.9,21.7,0.0,15.5,29.8,103,69
Bengaluru,2026-03-18T05:00,20.1,21.9,0.0,19.1,22.8,103,69
Bengaluru,2026-03-18T06:00,20.0,22.0,0.0,22.0,19.9,101,69
Bengaluru,2026-03-18T07:00,20.7,22.7,0.0,20.2,20.5,99,68
Bengaluru,2026-03-18T08:00,22.9,24.7,0.0,20.9,19.7,98,68
Bengaluru,2026-03-18T09:00,25.0,26.3,0.0,24.5,20.4,97,67
Bengaluru,2026-03-18T10:00,27.2,29.0,0.0,25.9,20.8,96,67
Bengaluru,2026-03-18T11:00,28.0,31.0,0.0,25.6,20.8,96,67
Bengaluru,2026-03-18T12:00,29.9,32.6,0.0,24.5,20.9,95,67
Bengaluru,2026-03-18T13:00,30.4,31.9,0.0,26.3,21.4,94,66
Bengaluru,2026-03-18T14:00,31.0,32.1,0.0,28.4,21.8,93,66
Bengaluru,2026-03-18T15:00,29.6,30.0,0.5,29.9,22.4,92,65
Bengaluru,2026-03-18T16:00,30.0,29.9,0.0,23.4,22.8,90,65
Bengaluru,2026-03-18T17:00,27.5,26.2,0.0,29.5,28.2,89,64
Bengaluru,2026-03-18T18:00,24.3,23.4,0.0,35.3,33.6,87,64
Bengaluru,2026-03-18T19:00,24.5,24.3,0.0,26.3,35.7,86,63
Bengaluru,2026-03-18T20:00,24.3,23.7,0.0,18.7,38.2,85,63
Bengaluru,2026-03-18T21:00,23.8,23.6,0.0,18.4,43.0,84,62
Bengaluru,2026-03-18T22:00,23.5,23.4,0.0,13.7,44.2,83,62
Bengaluru,2026-03-18T23:00,21.5,20.7,0.0,14.0,37.4,84,62
Bengaluru,2026-03-19T00:00,20.0,19.5,0.0,21.2,34.3,84,62
Bengaluru,2026-03-19T01:00,19.1,19.2,0.0,20.5,35.4,84,62
Bengaluru,2026-03-19T02:00,18.9,19.4,0.0,20.2,36.2,84,63
Bengaluru,2026-03-19T03:00,18.5,19.4,0.0,21.2,35.6,85,63
Bengaluru,2026-03-19T04:00,18.3,19.9,0.0,18.7,34.7,85,63
Bengaluru,2026-03-19T05:00,17.8,19.0,0.0,14.8,38.8,86,63
Bengaluru,2026-03-19T06:00,17.6,19.2,0.0,15.1,45.4,87,64
Bengaluru,2026-03-19T07:00,18.8,20.7,0.0,10.1,57.4,89,64
Bengaluru,2026-03-19T08:00,21.9,23.3,0.0,14.8,40.3,93,66
Bengaluru,2026-03-19T09:00,24.6,24.8,0.0,26.3,28.8,94,66
Bengaluru,2026-03-19T10:00,26.8,28.1,0.0,28.1,28.2,95,67
Bengaluru,2026-03-19T11:00,27.5,30.4,0.0,27.4,28.3,96,67
Bengaluru,2026-03-19T12:00,29.4,32.2,0.0,19.1,28.4,97,69
Bengaluru,2026-03-19T13:00,30.6,33.1,0.0,19.4,27.8,97,71
Bengaluru,2026-03-19T14:00,31.1,32.3,0.0,21.2,27.5,98,71
Bengaluru,2026-03-19T15:00,31.1,31.2,0.0,21.6,27.3,98,72
Bengaluru,2026-03-19T16:00,30.3,28.8,0.0,27.0,27.1,123,71
Bengaluru,2026-03-19T17:00,29.2,28.5,0.0,28.1,13.3,151,68
Bengaluru,2026-03-19T18:00,27.5,28.0,0.0,15.5,23.5,164,68
Bengaluru,2026-03-19T19:00,26.1,27.6,0.0,6.1,38.8,163,67
Bengaluru,2026-03-19T20:00,25.1,26.5,0.0,7.9,53.1,146,67
Bengaluru,2026-03-19T21:00,24.5,24.5,0.0,16.9,62.2,112,68
Bengaluru,2026-03-19T22:00,23.9,23.3,0.0,16.9,63.6,100,68
Bengaluru,2026-03-19T23:00,22.5,22.0,0.0,20.9,41.2,102,69
Bengaluru,2026-03-20T00:00,21.1,21.1,0.0,22.7,28.6,103,69
Bengaluru,2026-03-20T01:00,20.1,20.6,0.0,23.0,26.9,102,69
Bengaluru,2026-03-20T02:00,19.5,20.2,0.0,22.3,25.6,101,69
Bengaluru,2026-03-20T03:00,19.1,20.1,0.0,22.7,26.0,100,68
Bengaluru,2026-03-20T04:00,19.0,20.1,0.0,20.5,26.7,99,68
Bengaluru,2026-03-20T05:00,19.1,22.1,0.0,18.7,24.6,98,68
Bengaluru,2026-03-20T06:00,19.1,21.9,0.0,3.6,22.3,97,67
Bengaluru,2026-03-20T07:00,20.1,22.6,0.0,10.4,22.0,95,67
Bengaluru,2026-03-20T08:00,22.0,24.1,0.0,16.2,21.6,92,65
Bengaluru,2026-03-20T09:00,24.2,26.2,0.0,17.3,21.3,90,65
Bengaluru,2026-03-20T10:00,26.5,29.3,0.0,17.3,22.2,90,65
Bengaluru,2026-03-20T11:00,27.3,30.1,0.0,18.4,21.5,89,70
Bengaluru,2026-03-20T12:00,29.0,31.5,0.0,20.2,19.7,89,72
Bengaluru,2026-03-20T13:00,29.9,32.7,0.0,19.8,19.1,88,73
Bengaluru,2026-03-20T14:00,30.3,32.2,0.0,18.4,19.4,107,74
Bengaluru,2026-03-20T15:00,30.4,31.1,0.0,19.8,20.4,134,74
Bengaluru,2026-03-20T16:00,30.3,29.8,0.0,20.2,21.3,158,74
Bengaluru,2026-03-20T17:00,29.7,29.5,0.0,19.8,25.0,175,71
Bengaluru,2026-03-20T18:00,27.9,28.4,0.0,12.2,37.4,185,64
Bengaluru,2026-03-20T19:00,26.6,27.7,0.0,9.0,47.4,184,64
Bengaluru,2026-03-20T20:00,26.0,25.9,0.0,17.6,47.0,170,64
Bengaluru,2026-03-20T21:00,25.1,24.9,0.0,21.2,39.7,148,64
Bengaluru,2026-03-20T22:00,24.1,24.8,0.0,19.4,30.7,118,63
Bengaluru,2026-03-20T23:00,23.3,23.9,0.0,12.2,27.4,91,62
Bengaluru,2026-03-21T00:00,22.4,23.6,0.0,20.2,26.6,82,61
Bengaluru,2026-03-21T01:00,21.9,23.3,0.0,18.0,28.2,81,61
Bengaluru,2026-03-21T02:00,21.3,23.2,0.0,16.2,30.4,81,61
Bengaluru,2026-03-21T03:00,20.8,22.8,0.0,12.2,33.2,82,62
Bengaluru,2026-03-21T04:00,20.4,22.5,0.0,12.6,36.0,83,62
Bengaluru,2026-03-21T05:00,20.2,22.4,0.0,14.4,37.7,83,62
Bengaluru,2026-03-21T06:00,20.2,22.1,0.0,13.7,41.3,85,63
Bengaluru,2026-03-21T07:00,21.5,23.0,0.0,14.0,47.7,86,63
Bengaluru,2026-03-21T08:00,24.0,25.2,0.0,18.0,29.1,88,64
Bengaluru,2026-03-21T09:00,26.3,27.2,0.0,24.1,21.7,89,64
Bengaluru,2026-03-21T10:00,28.2,30.5,0.0,24.5,21.9,89,66
Bengaluru,2026-03-21T11:00,28.6,30.9,0.0,20.9,23.0,89,70
Bengaluru,2026-03-21T12:00,30.3,32.7,0.0,21.6,23.1,89,71
Bengaluru,2026-03-21T13:00,31.0,33.0,0.0,27.0,23.3,94,71
Bengaluru,2026-03-21T14:00,31.4,32.7,0.0,27.0,23.7,117,71
Bengaluru,2026-03-21T15:00,31.4,32.0,0.0,25.9,23.7,138,70
Bengaluru,2026-03-21T16:00,29.6,29.9,0.6,23.8,24.2,154,69
Bengaluru,2026-03-21T17:00,29.6,30.3,0.0,16.2,35.6,164,68
Bengaluru,2026-03-21T18:00,29.0,29.8,0.0,8.3,44.2,170,65
Bengaluru,2026-03-21T19:00,27.9,28.0,0.0,15.5,45.6,169,66
Bengaluru,2026-03-21T20:00,26.8,27.5,0.0,15.5,44.0,160,66
Bengaluru,2026-03-21T21:00,25.9,25.8,0.0,23.4,43.4,146,65
Bengaluru,2026-03-21T22:00,24.5,24.7,0.0,28.4,43.3,127,66
Bengaluru,2026-03-21T23:00,23.9,24.9,0.0,29.9,42.5,109,66
Bengaluru,2026-03-22T00:00,23.0,25.1,0.0,27.0,41.0,95,66
Bengaluru,2026-03-22T01:00,22.5,25.1,0.0,21.2,39.9,96,67
Bengaluru,2026-03-22T02:00,22.0,24.4,0.0,21.6,40.3,97,67
Bengaluru,2026-03-22T03:00,22.1,24.3,0.0,23.8,41.3,98,68
Bengaluru,2026-03-22T04:00,21.4,23.9,0.0,19.8,41.8,99,68
Bengaluru,2026-03-22T05:00,21.5,24.0,0.0,17.6,44.1,99,68
Bengaluru,2026-03-22T06:00,21.5,24.1,0.0,18.4,44.7,100,68
Bengaluru,2026-03-22T07:00,22.7,25.3,0.0,15.5,45.3,100,68
Bengaluru,2026-03-22T08:00,24.6,26.6,0.0,23.8,33.3,100,68
Bengaluru,2026-03-22T09:00,26.2,27.9,0.4,25.6,28.5,100,68
Bengaluru,2026-03-22T10:00,27.4,29.2,0.4,25.6,27.6,101,69
Bengaluru,2026-03-22T11:00,27.8,30.5,0.4,23.8,28.5,102,69
Bengaluru,2026-03-22T12:00,29.6,33.4,0.1,19.1,29.9,102,69
Bengaluru,2026-03-22T13:00,30.9,34.1,0.0,18.4,31.4,103,69
Bengaluru,2026-03-22T14:00,31.6,33.6,0.0,24.5,33.3,104,70
Bengaluru,2026-03-22T15:00,31.0,31.2,0.0,27.4,34.2,107,70
Bengaluru,2026-03-22T16:00,30.4,30.2,0.0,27.4,34.9,121,70
Bengaluru,2026-03-22T17:00,30.2,30.3,0.0,22.3,48.1,132,71
Bengaluru,2026-03-22T18:00,28.9,29.0,0.0,16.9,51.2,138,71
Bengaluru,2026-03-22T19:00,27.9,28.4,0.0,14.4,56.7,135,71
Bengaluru,2026-03-22T20:00,26.5,27.0,0.0,16.6,61.0,124,72
Bengaluru,2026-03-22T21:00,25.6,25.4,0.0,22.7,63.1,112,72
Bengaluru,2026-03-22T22:00,24.4,24.3,0.0,30.2,61.0,114,73
Bengaluru,2026-03-22T23:00,24.4,24.8,0.0,29.5,56.1,116,73
Bengaluru,2026-03-23T00:00,24.0,25.0,0.0,24.1,45.6,117,74
Bengaluru,2026-03-23T01:00,23.5,24.5,0.0,18.4,37.8,118,74
Bengaluru,2026-03-23T02:00,22.9,23.9,0.0,20.5,34.5,117,74
Bengaluru,2026-03-23T03:00,22.5,23.5,0.0,23.8,33.8,117,74
Bengaluru,2026-03-23T04:00,22.3,23.5,0.0,22.0,34.3,116,74
Bengaluru,2026-03-23T05:00,22.0,24.7,0.0,15.8,32.7,115,73
Bengaluru,2026-03-23T06:00,21.9,24.6,0.0,9.7,32.7,114,73
Bengaluru,2026-03-23T07:00,22.9,25.7,0.0,10.4,36.9,113,73
Bengaluru,2026-03-23T08:00,25.6,26.9,0.0,19.4,26.1,112,72
Bengaluru,2026-03-23T09:00,27.7,27.9,0.0,26.6,22.8,111,72
Bengaluru,2026-03-23T10:00,29.5,30.4,0.0,29.5,21.8,111,72
Bengaluru,2026-03-23T11:00,30.1,31.8,0.0,29.5,22.1,110,72
Bengaluru,2026-03-23T12:00,31.1,32.2,0.0,29.9,22.2,109,71
Bengaluru,2026-03-23T13:00,32.0,32.7,0.0,33.8,23.2,109,71
Bengaluru,2026-03-23T14:00,32.2,32.6,0.0,35.3,23.7,108,71
Bengaluru,2026-03-23T15:00,32.2,31.7,0.0,35.3,24.4,107,71
Bengaluru,2026-03-23T16:00,32.3,30.8,0.0,30.2,24.9,106,70
Bengaluru,2026-03-23T17:00,30.9,28.7,0.0,33.8,21.9,113,70
Bengaluru,2026-03-23T18:00,29.8,27.9,0.0,28.4,26.2,120,69
Bengaluru,2026-03-23T19:00,27.1,26.2,0.0,26.6,28.6,118,68
Bengaluru,2026-03-23T20:00,26.1,25.3,0.0,22.0,26.7,106,67
Bengaluru,2026-03-23T21:00,25.4,24.4,0.0,25.2,24.6,94,66
Bengaluru,2026-03-23T22:00,24.5,23.7,0.0,26.6,24.1,90,65
Bengaluru,2026-03-23T23:00,23.6,23.5,0.0,27.0,24.3,87,64
Bengaluru,2026-03-24T00:00,22.9,23.3,0.0,27.0,24.0,84,63
Bengaluru,2026-03-24T01:00,22.2,23.1,0.0,23.4,24.2,82,62
Bengaluru,2026-03-24T02:00,21.6,22.9,0.0,21.6,25.4,81,61
Bengaluru,2026-03-24T03:00,21.1,22.9,0.0,18.7,26.5,80,61
Bengaluru,2026-03-24T04:00,20.6,22.8,0.0,15.1,28.0,80,61
Bengaluru,2026-03-24T05:00,20.6,22.7,0.0,11.2,29.1,79,61
Bengaluru,2026-03-24T06:00,21.0,22.8,0.0,7.9,31.7,79,60
Bengaluru,2026-03-24T07:00,22.5,24.0,0.0,11.2,32.9,79,60
Bengaluru,2026-03-24T08:00,25.0,25.6,0.0,18.7,23.5,78,60
Bengaluru,2026-03-24T09:00,27.1,27.4,0.0,22.3,22.4,78,60
Bengaluru,2026-03-24T10:00,29.2,30.4,0.0,24.1,22.4,78,61
Bengaluru,2026-03-24T11:00,30.0,32.1,0.0,24.8,22.2,78,64
Bengaluru,2026-03-24T12:00,32.0,34.4,0.0,24.8,21.4,78,65
Bengaluru,2026-03-24T13:00,32.2,33.3,0.0,30.2,21.1,78,65
Bengaluru,2026-03-24T14:00,32.3,32.7,0.0,31.3,20.8,78,65
Bengaluru,2026-03-24T15:00,32.3,31.9,0.0,33.5,20.8,86,64
Bengaluru,2026-03-24T16:00,31.8,30.6,0.0,33.8,20.7,103,63
Bengaluru,2026-03-24T17:00,30.8,29.6,0.0,31.3,21.5,116,61
Bengaluru,2026-03-24T18:00,29.7,28.8,0.0,27.0,26.3,121,59
Bengaluru,2026-03-24T19:00,29.1,28.1,0.0,26.6,32.5,116,59
Bengaluru,2026-03-24T20:00,27.7,27.4,0.0,28.4,30.5,101,60
Bengaluru,2026-03-24T21:00,26.8,26.6,0.0,21.6,26.7,78,60
Bengaluru,2026-03-24T22:00,25.5,25.3,0.0,26.3,22.7,78,60
Bengaluru,2026-03-24T23:00,23.9,24.4,0.0,26.3,19.9,78,60
Bengaluru,2026-03-25T00:00,22.9,24.2,0.0,26.3,17.9,77,60
Bengaluru,2026-03-25T01:00,22.1,23.9,0.0,22.0,16.9,77,59
Bengaluru,2026-03-25T02:00,21.6,23.6,0.0,20.2,17.9,76,57
Bengaluru,2026-03-25T03:00,21.2,23.4,0.0,19.8,19.3,76,56
Bengaluru,2026-03-25T04:00,21.0,23.3,0.0,17.6,21.5,75,55
Bengaluru,2026-03-25T05:00,20.8,23.5,0.0,15.1,26.1,74,54
Bengaluru,2026-03-25T06:00,20.8,23.5,0.0,12.2,30.2,74,53
Bengaluru,2026-03-25T07:00,22.0,24.9,0.0,11.5,33.9,74,53
Bengaluru,2026-03-25T08:00,24.6,26.6,0.0,18.4,22.7,74,53
Bengaluru,2026-03-25T09:00,27.0,28.7,0.0,21.6,19.0,74,53
Bengaluru,2026-03-25T10:00,29.3,31.6,0.0,20.9,19.6,74,61
Bengaluru,2026-03-25T11:00,30.3,32.4,0.0,23.4,20.6,73,65
Bengaluru,2026-03-25T12:00,32.0,33.8,0.0,28.4,20.9,73,67
Bengaluru,2026-03-25T13:00,32.8,34.5,0.0,30.2,20.8,73,67
Bengaluru,2026-03-25T14:00,33.7,34.8,0.0,30.6,20.6,73,66
Bengaluru,2026-03-25T15:00,33.6,32.7,0.0,34.9,20.3,89,65
Bengaluru,2026-03-25T16:00,32.7,30.5,0.0,38.9,20.0,108,64
Bengaluru,2026-03-25T17:00,31.8,29.3,0.0,38.2,16.2,122,61
Bengaluru,2026-03-25T18:00,30.6,28.4,0.0,36.0,20.1,128,54
Bengaluru,2026-03-25T19:00,29.7,27.7,0.0,32.8,23.3,125,49
Bengaluru,2026-03-25T20:00,28.4,26.1,0.0,35.3,23.4,113,48
Bengaluru,2026-03-25T21:00,26.4,24.7,0.0,33.8,23.8,97,47
Bengaluru,2026-03-25T22:00,25.0,23.9,0.0,30.6,24.8,81,46
Bengaluru,2026-03-25T23:00,24.5,24.0,0.0,29.5,25.4,71,47
Bengaluru,2026-03-26T00:00,23.9,23.5,0.0,24.8,24.8,71,48
Bengaluru,2026-03-26T01:00,23.1,23.1,0.0,26.3,24.1,72,49
Bengaluru,2026-03-26T02:00,22.4,22.7,0.0,24.5,24.6,72,50
Bengaluru,2026-03-26T03:00,21.6,22.3,0.0,23.4,26.7,73,51
Bengaluru,2026-03-26T04:00,20.9,22.0,0.0,21.2,29.0,74,52
Bengaluru,2026-03-26T05:00,20.6,22.0,0.0,19.1,26.0,74,53
Bengaluru,2026-03-26T06:00,20.4,21.8,0.0,18.4,28.1,74,53
Bengaluru,2026-03-26T07:00,21.6,23.3,0.0,17.3,30.5,74,53
Bengaluru,2026-03-26T08:00,24.5,25.7,0.0,19.8,19.8,74,53
Bengaluru,2026-03-26T09:00,28.0,27.4,0.0,26.3,18.9,73,52
Bengaluru,2026-03-26T10:00,30.5,29.7,0.0,33.8,19.6,73,61
Bengaluru,2026-03-26T11:00,31.5,31.2,0.0,37.8,20.3,73,64
Bengaluru,2026-03-26T12:00,32.9,32.6,0.0,39.6,19.8,73,65
Bengaluru,2026-03-26T13:00,33.5,32.9,0.0,41.8,18.5,73,65
Bengaluru,2026-03-26T14:00,33.8,32.6,0.0,43.2,17.3,73,64
Bengaluru,2026-03-26T15:00,33.5,31.6,0.0,43.2,16.5,89,64
Bengaluru,2026-03-26T16:00,32.8,29.9,0.0,41.4,15.7,103,63
Bengaluru,2026-03-26T17:00,31.6,29.1,0.0,40.3,12.1,113,61
Bengaluru,2026-03-26T18:00,30.1,28.2,0.0,34.6,15.8,118,51
Bengaluru,2026-03-26T19:00,29.0,27.5,0.0,25.9,19.6,114,48
Bengaluru,2026-03-26T20:00,28.0,26.5,0.0,24.1,20.8,102,48
Bengaluru,2026-03-26T21:00,27.0,25.5,0.0,27.4,20.1,85,47
Bengaluru,2026-03-26T22:00,25.6,24.4,0.0,27.4,19.7,70,46
Bengaluru,2026-03-26T23:00,24.6,23.8,0.0,24.5,19.6,70,46
Bengaluru,2026-03-27T00:00,23.9,23.7,0.0,23.8,19.0,69,45
Bengaluru,2026-03-27T01:00,23.2,23.4,0.0,21.2,19.3,69,44
Bengaluru,2026-03-27T02:00,22.6,23.2,0.0,19.1,21.5,69,43
Bengaluru,2026-03-27T03:00,22.2,22.9,0.0,16.2,23.8,68,42
Bengaluru,2026-03-27T04:00,21.9,22.5,0.0,15.1,26.0,68,42
Bengaluru,2026-03-27T05:00,21.6,22.4,0.0,15.5,29.6,68,41
Bengaluru,2026-03-27T06:00,21.7,22.3,0.0,15.5,33.2,68,42
Bengaluru,2026-03-27T07:00,23.5,23.9,0.0,16.6,39.9,69,43
Bengaluru,2026-03-27T08:00,26.8,26.4,0.0,19.8,24.9,69,44
Bengaluru,2026-03-27T09:00,29.6,27.6,0.0,28.1,20.2,70,53
Bengaluru,2026-03-27T10:00,31.3,30.1,0.0,34.6,20.0,70,62
Bengaluru,2026-03-27T11:00,32.2,31.7,0.0,35.6,19.6,70,64
Bengaluru,2026-03-27T12:00,33.5,33.4,0.0,35.6,17.8,70,65
Bengaluru,2026-03-27T13:00,34.3,34.4,0.0,35.6,16.6,70,64
Bengaluru,2026-03-27T14:00,34.8,34.0,0.0,35.6,16.5,74,63
Bengaluru,2026-03-27T15:00,34.3,32.5,0.0,37.4,16.8,91,63
Bengaluru,2026-03-27T16:00,34.0,31.0,0.0,37.4,17.3,103,62
Bengaluru,2026-03-27T17:00,33.3,30.5,0.0,35.6,14.1,112,61
Bengaluru,2026-03-27T18:00,32.1,29.3,0.0,28.1,20.7,115,53
Bengaluru,2026-03-27T19:00,30.4,27.8,0.0,32.8,23.8,111,46
Bengaluru,2026-03-27T20:00,28.0,26.4,0.0,32.8,23.5,100,47
Bengaluru,2026-03-27T21:00,27.0,25.3,0.0,28.8,24.2,85,47
Bengaluru,2026-03-27T22:00,25.9,25.1,0.0,27.7,26.5,71,48
Bengaluru,2026-03-27T23:00,25.2,24.7,0.0,21.6,29.3,72,49
Bengaluru,2026-03-28T00:00,24.8,24.6,0.0,20.2,30.9,73,51
Bengaluru,2026-03-28T01:00,24.1,24.1,0.0,16.6,32.1,74,53
Bengaluru,2026-03-28T02:00,23.5,23.7,0.0,14.4,34.8,75,55
Bengaluru,2026-03-28T03:00,23.3,23.2,0.0,11.2,38.1,76,57
Bengaluru,2026-03-28T04:00,22.5,22.1,0.0,15.1,40.7,77,59
Bengaluru,2026-03-28T05:00,22.0,23.1,0.0,16.6,41.9,79,60
Bengaluru,2026-03-28T06:00,21.9,23.4,0.0,13.7,42.0,80,61
Bengaluru,2026-03-28T07:00,23.1,24.8,0.0,11.2,44.2,81,61
Bengaluru,2026-03-28T08:00,25.6,27.4,0.0,16.9,38.2,81,61
Bengaluru,2026-03-28T09:00,28.6,29.7,0.0,19.8,35.4,82,62
Bengaluru,2026-03-28T10:00,31.0,32.9,0.0,20.5,32.1,83,64
Bengaluru,2026-03-28T11:00,30.8,32.8,0.0,18.4,30.5,84,70
Bengaluru,2026-03-28T12:00,33.1,35.1,0.0,18.7,31.5,85,72
Bengaluru,2026-03-28T13:00,33.6,34.7,0.0,22.0,32.5,87,72
Bengaluru,2026-03-28T14:00,33.5,33.7,0.0,22.0,33.3,88,72
Bengaluru,2026-03-28T15:00,33.2,32.4,0.0,24.5,33.8,116,73
Bengaluru,2026-03-28T16:00,32.8,31.7,0.0,24.5,35.0,145,73
Bengaluru,2026-03-28T17:00,32.4,31.2,0.0,21.6,38.5,166,69
Bengaluru,2026-03-28T18:00,31.1,30.4,0.0,20.2,50.1,177,66
Bengaluru,2026-03-28T19:00,30.8,30.2,0.0,13.7,66.4,175,67
Bengaluru,2026-03-28T20:00,29.7,28.5,0.0,22.3,71.7,157,69
Bengaluru,2026-03-28T21:00,28.8,27.7,0.0,20.9,62.6,123,70
Bengaluru,2026-03-28T22:00,26.0,25.3,0.0,35.3,53.2,110,72
Bengaluru,2026-03-28T23:00,25.5,26.0,0.0,31.0,53.1,113,73
Bengaluru,2026-03-29T00:00,24.8,25.4,0.0,17.3,52.2,116,73
Bengaluru,2026-03-29T01:00,24.1,24.9,0.0,16.9,51.7,118,74
Bengaluru,2026-03-29T02:00,23.8,25.1,0.0,19.4,51.2,120,75
Bengaluru,2026-03-29T03:00,23.4,24.9,0.0,8.3,49.7,122,75
Bengaluru,2026-03-29T04:00,23.0,24.4,0.0,10.1,48.5,123,76
Bengaluru,2026-03-29T05:00,22.8,24.4,0.0,13.7,44.7,124,76
Bengaluru,2026-03-29T06:00,22.9,24.4,0.0,11.5,43.1,124,76
Bengaluru,2026-03-29T07:00,23.6,24.9,0.0,15.5,43.1,124,76
Bengaluru,2026-03-29T08:00,25.9,26.5,0.0,23.4,43.2,124,76
Bengaluru,2026-03-29T09:00,27.9,27.8,0.0,32.0,48.0,124,76
Bengaluru,2026-03-29T10:00,29.5,30.4,0.1,33.5,50.4,126,77
Bengaluru,2026-03-29T11:00,30.0,30.9,0.3,31.0,47.6,128,77
Bengaluru,2026-03-29T12:00,31.8,33.5,0.0,28.8,42.4,129,78
Bengaluru,2026-03-29T13:00,33.1,34.9,0.0,29.5,40.7,131,78
Bengaluru,2026-03-29T14:00,33.0,33.3,0.0,30.2,41.7,131,78
Bengaluru,2026-03-29T15:00,33.0,32.8,0.0,29.9,38.4,132,79
Bengaluru,2026-03-29T16:00,32.8,32.3,0.0,27.4,37.4,138,79
Bengaluru,2026-03-29T17:00,31.9,31.3,0.0,37.4,29.3,147,79
Bengaluru,2026-03-29T18:00,30.4,31.0,0.0,20.9,35.2,150,79
Bengaluru,2026-03-29T19:00,28.4,28.6,0.3,14.0,46.1,142,78
Bengaluru,2026-03-29T20:00,26.5,27.2,0.1,23.0,48.5,128,78
Bengaluru,2026-03-29T21:00,26.6,27.0,0.0,20.9,51.2,126,77
Bengaluru,2026-03-29T22:00,24.8,24.9,0.0,29.2,54.8,125,76
Bengaluru,2026-03-29T23:00,23.0,23.8,0.0,27.4,59.8,125,76
