time,pm2_5,us_aqi,european_aqi
2025-06-09T00:00,20.3,76,63
2025-06-09T01:00,20.2,76,63
2025-06-09T02:00,20.7,75,63
2025-06-09T03:00,21.2,75,63
2025-06-09T04:00,22.2,75,63
2025-06-09T05:00,24.4,74,63
2025-06-09T06:00,25.7,74,63
2025-06-09T07:00,26.0,74,63
2025-06-09T08:00,25.1,74,63
2025-06-09T09:00,24.1,73,63
2025-06-09T10:00,24.4,73,63
2025-06-09T11:00,24.8,73,63
2025-06-09T12:00,24.9,72,63
2025-06-09T13:00,24.8,72,63
2025-06-09T14:00,24.3,72,63
2025-06-09T15:00,24.0,72,63
2025-06-09T16:00,23.4,72,64
2025-06-09T17:00,25.0,72,64
2025-06-09T18:00,24.1,73,64
2025-06-09T19:00,23.1,73,64
2025-06-09T20:00,22.5,74,65
2025-06-09T21:00,22.1,74,65
2025-06-09T22:00,22.3,74,65
2025-06-09T23:00,22.8,74,65
2025-06-10T00:00,23.2,74,66
2025-06-10T01:00,23.7,75,66
2025-06-10T02:00,23.9,75,66
2025-06-10T03:00,24.0,75,66
2025-06-10T04:00,24.0,75,67
2025-06-10T05:00,21.7,76,67
2025-06-10T06:00,22.4,75,66
2025-06-10T07:00,21.1,75,66
2025-06-10T08:00,21.5,75,66
2025-06-10T09:00,21.4,74,66
2025-06-10T10:00,21.0,74,66
2025-06-10T11:00,20.3,74,65
2025-06-10T12:00,19.4,73,65
2025-06-10T13:00,18.3,73,65
2025-06-10T14:00,17.1,72,64
2025-06-10T15:00,16.9,72,64
2025-06-10T16:00,17.1,71,63
2025-06-10T17:00,19.4,70,63
2025-06-10T18:00,20.0,70,62
2025-06-10T19:00,16.9,70,62
2025-06-10T20:00,16.8,69,62
2025-06-10T21:00,17.7,69,61
2025-06-10T22:00,18.5,68,61
2025-06-10T23:00,18.9,68,60
2025-06-11T00:00,18.5,67,59
2025-06-11T01:00,18.1,67,57
2025-06-11T02:00,17.6,67,54
2025-06-11T03:00,16.6,66,52
2025-06-11T04:00,15.3,65,50
2025-06-11T05:00,14.8,65,47
2025-06-11T06:00,17.6,64,44
2025-06-11T07:00,17.3,64,42
2025-06-11T08:00,17.4,63,41
2025-06-11T09:00,17.6,63,39
2025-06-11T10:00,17.9,63,38
2025-06-11T11:00,18.6,62,37
2025-06-11T12:00,18.6,62,37
2025-06-11T13:00,18.0,62,36
2025-06-11T14:00,17.5,62,36
2025-06-11T15:00,16.6,62,35
2025-06-11T16:00,15.5,62,35
2025-06-11T17:00,18.5,62,35
2025-06-11T18:00,17.5,62,35
2025-06-11T19:00,16.4,62,35
2025-06-11T20:00,15.3,62,35
2025-06-11T21:00,14.8,61,35
2025-06-11T22:00,14.3,61,34
2025-06-11T23:00,14.3,61,34
2025-06-12T00:00,13.3,60,34
2025-06-12T01:00,13.6,60,33
2025-06-12T02:00,13.8,59,33
2025-06-12T03:00,14.1,59,33
2025-06-12T04:00,13.9,59,32
2025-06-12T05:00,15.7,59,32
2025-06-12T06:00,14.6,59,32
2025-06-12T07:00,14.7,59,32
2025-06-12T08:00,15.2,58,32
2025-06-12T09:00,15.1,58,32
2025-06-12T10:00,15.4,58,31
2025-06-12T11:00,15.4,58,31
2025-06-12T12:00,15.6,57,33
2025-06-12T13:00,15.6,57,35
2025-06-12T14:00,15.8,57,35
2025-06-12T15:00,15.1,57,33
2025-06-12T16:00,14.4,57,30
2025-06-12T17:00,16.8,57,30
2025-06-12T18:00,16.5,56,30
2025-06-12T19:00,16.1,56,30
2025-06-12T20:00,16.0,56,30
2025-06-12T21:00,16.2,56,30
2025-06-12T22:00,16.6,57,30
2025-06-12T23:00,19.0,57,30
2025-06-13T00:00,17.1,57,31
2025-06-13T01:00,16.2,57,31
2025-06-13T02:00,23.1,58,31
2025-06-13T03:00,17.8,59,32
2025-06-13T04:00,17.8,59,32
2025-06-13T05:00,16.1,59,33
2025-06-13T06:00,16.3,59,33
2025-06-13T07:00,17.8,59,33
2025-06-13T08:00,18.9,60,33
2025-06-13T09:00,19.0,60,33
2025-06-13T10:00,20.5,60,34
2025-06-13T11:00,22.2,61,35
2025-06-13T12:00,23.1,61,37
2025-06-13T13:00,23.6,62,38
2025-06-13T14:00,23.9,63,37
2025-06-13T15:00,24.3,63,37
2025-06-13T16:00,21.7,64,39
2025-06-13T17:00,24.1,65,41
2025-06-13T18:00,24.0,66,44
2025-06-13T19:00,27.3,66,46
2025-06-13T20:00,24.0,67,50
2025-06-13T21:00,22.7,68,53
2025-06-13T22:00,22.2,69,55
2025-06-13T23:00,22.4,69,58
2025-06-14T00:00,23.2,69,60
2025-06-14T01:00,26.1,70,60
2025-06-14T02:00,25.5,71,61
2025-06-14T03:00,24.9,71,61
2025-06-14T04:00,23.6,72,61
2025-06-14T05:00,21.4,72,61
2025-06-14T06:00,21.2,73,61
2025-06-14T07:00,22.1,73,62
2025-06-14T08:00,23.7,73,62
2025-06-14T09:00,25.6,74,62
2025-06-14T10:00,30.3,74,62
2025-06-14T11:00,35.3,75,62
2025-06-14T12:00,36.4,76,63
2025-06-14T13:00,33.9,78,63
2025-06-14T14:00,28.8,79,63
2025-06-14T15:00,25.7,79,63
2025-06-14T16:00,24.2,79,63
2025-06-14T17:00,31.1,79,63
2025-06-14T18:00,29.9,80,63
2025-06-14T19:00,30.5,80,64
2025-06-14T20:00,32.7,81,64
2025-06-14T21:00,34.9,82,64
2025-06-14T22:00,36.3,83,64
2025-06-14T23:00,37.1,84,64
2025-06-15T00:00,36.6,85,64
2025-06-15T01:00,34.9,86,64
2025-06-15T02:00,29.4,87,64
2025-06-15T03:00,26.8,87,64
2025-06-15T04:00,25.0,88,64
2025-06-15T05:00,34.0,88,64
2025-06-15T06:00,33.6,89,64
2025-06-15T07:00,34.5,90,65
2025-06-15T08:00,32.0,91,65
2025-06-15T09:00,30.6,92,65
2025-06-15T10:00,32.8,92,65
2025-06-15T11:00,36.0,92,66
2025-06-15T12:00,42.7,93,68
2025-06-15T13:00,53.3,93,78
2025-06-15T14:00,56.6,106,82
2025-06-15T15:00,47.0,97,77
2025-06-15T16:00,36.7,130,68
2025-06-15T17:00,36.9,152,68
2025-06-15T18:00,31.5,156,69
2025-06-15T19:00,29.6,156,69
2025-06-15T20:00,28.0,148,69
2025-06-15T21:00,27.3,125,69
2025-06-15T22:00,27.5,100,68
2025-06-15T23:00,26.2,99,68
2025-06-16T00:00,23.6,98,68
2025-06-16T01:00,22.6,97,67
2025-06-16T02:00,19.6,96,67
2025-06-16T03:00,16.3,95,66
2025-06-16T04:00,14.5,94,66
2025-06-16T05:00,3.7,93,66
2025-06-16T06:00,6.6,90,65
2025-06-16T07:00,10.7,88,64
2025-06-16T08:00,15.3,86,63
2025-06-16T09:00,16.7,84,63
2025-06-16T10:00,17.3,83,62
2025-06-16T11:00,18.3,82,62
2025-06-16T12:00,19.2,80,61
2025-06-16T13:00,19.2,78,60
2025-06-16T14:00,14.2,75,55
2025-06-16T15:00,12.5,71,48
2025-06-16T16:00,14.2,68,42
2025-06-16T17:00,16.0,66,39
2025-06-16T18:00,16.9,64,38
2025-06-16T19:00,18.1,63,36
2025-06-16T20:00,18.5,62,35
2025-06-16T21:00,18.0,61,35
2025-06-16T22:00,16.7,60,34
2025-06-16T23:00,15.5,59,33
2025-06-17T00:00,14.2,59,33
2025-06-17T01:00,13.2,58,33
2025-06-17T02:00,12.5,57,34
2025-06-17T03:00,12.2,56,34
2025-06-17T04:00,13.4,56,34
2025-06-17T05:00,14.5,56,35
2025-06-17T06:00,15.0,57,36
2025-06-17T07:00,15.8,57,37
2025-06-17T08:00,17.3,58,38
2025-06-17T09:00,18.0,58,38
2025-06-17T10:00,18.2,58,38
2025-06-17T11:00,18.7,58,38
2025-06-17T12:00,19.2,58,37
2025-06-17T13:00,19.4,58,37
2025-06-17T14:00,19.0,58,37
2025-06-17T15:00,17.9,59,37
2025-06-17T16:00,16.7,59,38
2025-06-17T17:00,21.6,59,38
2025-06-17T18:00,20.1,60,38
2025-06-17T19:00,18.3,60,38
2025-06-17T20:00,17.2,60,37
2025-06-17T21:00,16.2,60,37
2025-06-17T22:00,15.6,60,36
2025-06-17T23:00,15.0,60,36
2025-06-18T00:00,13.6,60,36
2025-06-18T01:00,11.9,60,36
2025-06-18T02:00,10.7,60,36
2025-06-18T03:00,9.6,60,35
2025-06-18T04:00,9.5,59,35
2025-06-18T05:00,13.7,59,34
2025-06-18T06:00,16.1,59,34
2025-06-18T07:00,17.1,59,34
2025-06-18T08:00,18.0,59,35
2025-06-18T09:00,19.5,59,34
2025-06-18T10:00,19.8,59,35
2025-06-18T11:00,17.8,59,34
2025-06-18T12:00,15.7,59,34
2025-06-18T13:00,13.3,59,34
2025-06-18T14:00,14.2,59,33
2025-06-18T15:00,15.4,58,33
2025-06-18T16:00,13.5,58,32
2025-06-18T17:00,7.8,58,32
2025-06-18T18:00,9.4,56,30
2025-06-18T19:00,10.7,55,29
2025-06-18T20:00,10.7,55,28
2025-06-18T21:00,10.9,54,28
2025-06-18T22:00,13.1,54,27
2025-06-18T23:00,15.0,53,27
2025-06-19T00:00,16.4,53,27
2025-06-19T01:00,17.1,54,27
2025-06-19T02:00,18.9,54,28
2025-06-19T03:00,20.1,55,29
2025-06-19T04:00,20.1,56,30
2025-06-19T05:00,19.1,57,31
2025-06-19T06:00,18.2,57,31
2025-06-19T07:00,17.2,57,32
2025-06-19T08:00,17.2,57,31
2025-06-19T09:00,16.9,57,31
2025-06-19T10:00,17.0,57,31
2025-06-19T11:00,17.8,57,30
2025-06-19T12:00,18.1,57,30
2025-06-19T13:00,18.5,57,31
2025-06-19T14:00,18.2,58,31
2025-06-19T15:00,18.3,58,31
2025-06-19T16:00,18.7,58,32
2025-06-19T17:00,17.8,59,32
2025-06-19T18:00,18.0,60,33
2025-06-19T19:00,18.0,60,34
2025-06-19T20:00,18.1,61,35
2025-06-19T21:00,17.1,62,36
2025-06-19T22:00,17.2,62,36
2025-06-19T23:00,17.1,62,37
2025-06-20T00:00,16.4,63,37
2025-06-20T01:00,15.4,63,37
2025-06-20T02:00,14.7,63,37
2025-06-20T03:00,14.2,62,37
2025-06-20T04:00,13.6,62,36
2025-06-20T05:00,13.0,61,35
2025-06-20T06:00,12.9,61,34
2025-06-20T07:00,13.9,60,34
2025-06-20T08:00,15.8,60,33
2025-06-20T09:00,16.8,60,33
2025-06-20T10:00,16.9,60,33
2025-06-20T11:00,17.6,60,33
2025-06-20T12:00,18.0,60,33
2025-06-20T13:00,18.7,60,33
2025-06-20T14:00,19.4,60,33
2025-06-20T15:00,18.5,60,34
2025-06-20T16:00,17.4,60,34
2025-06-20T17:00,22.4,60,34
2025-06-20T18:00,22.2,60,34
2025-06-20T19:00,21.1,60,35
2025-06-20T20:00,20.2,61,35
2025-06-20T21:00,19.5,61,36
2025-06-20T22:00,18.5,61,36
2025-06-20T23:00,17.9,61,36
2025-06-21T00:00,16.7,61,36
2025-06-21T01:00,15.9,61,36
2025-06-21T02:00,16.2,61,35
2025-06-21T03:00,16.2,61,35
2025-06-21T04:00,15.8,62,36
2025-06-21T05:00,14.2,62,36
2025-06-21T06:00,14.3,62,36
2025-06-21T07:00,15.2,62,36
2025-06-21T08:00,16.4,62,36
2025-06-21T09:00,16.3,62,36
2025-06-21T10:00,16.6,62,36
2025-06-21T11:00,18.0,62,36
2025-06-21T12:00,17.8,62,36
2025-06-21T13:00,18.0,62,36
2025-06-21T14:00,19.0,62,36
2025-06-21T15:00,18.5,62,36
2025-06-21T16:00,17.2,62,36
2025-06-21T17:00,18.5,62,36
2025-06-21T18:00,18.7,62,35
2025-06-21T19:00,19.2,61,35
2025-06-21T20:00,18.8,61,35
2025-06-21T21:00,18.3,61,34
2025-06-21T22:00,17.4,61,34
2025-06-21T23:00,17.0,61,34
2025-06-22T00:00,16.5,61,34
2025-06-22T01:00,16.1,61,34
2025-06-22T02:00,16.9,61,34
2025-06-22T03:00,17.5,61,34
2025-06-22T04:00,18.5,61,34
2025-06-22T05:00,19.2,61,35
2025-06-22T06:00,19.8,62,35
2025-06-22T07:00,20.7,62,36
2025-06-22T08:00,19.6,63,36
2025-06-22T09:00,18.3,63,37
2025-06-22T10:00,20.2,63,37
2025-06-22T11:00,21.3,63,37
2025-06-22T12:00,22.0,64,38
2025-06-22T13:00,21.6,64,38
2025-06-22T14:00,21.2,64,38
2025-06-22T15:00,19.2,65,39
2025-06-22T16:00,18.3,65,39
2025-06-22T17:00,18.7,65,39
2025-06-22T18:00,17.9,65,39
2025-06-22T19:00,17.9,65,39
2025-06-22T20:00,17.7,65,39
2025-06-22T21:00,17.1,65,39
2025-06-22T22:00,17.3,64,39
2025-06-22T23:00,16.2,64,40
2025-06-23T00:00,15.6,64,40
2025-06-23T01:00,15.9,64,40
2025-06-23T02:00,16.3,64,41
2025-06-23T03:00,16.6,64,41
2025-06-23T04:00,16.5,64,41
2025-06-23T05:00,17.2,64,41
2025-06-23T06:00,16.5,64,41
2025-06-23T07:00,17.7,63,40
2025-06-23T08:00,18.9,63,40
2025-06-23T09:00,20.2,63,40
2025-06-23T10:00,21.1,63,40
2025-06-23T11:00,21.5,63,40
2025-06-23T12:00,22.6,63,40
2025-06-23T13:00,23.5,63,41
2025-06-23T14:00,22.8,64,41
2025-06-23T15:00,22.5,64,42
2025-06-23T16:00,21.8,64,43
2025-06-23T17:00,21.3,64,44
2025-06-23T18:00,19.8,65,44
2025-06-23T19:00,18.3,65,45
2025-06-23T20:00,16.5,65,44
2025-06-23T21:00,14.3,65,44
2025-06-23T22:00,13.3,64,43
2025-06-23T23:00,12.6,64,41
2025-06-24T00:00,13.4,64,40
2025-06-24T01:00,15.5,64,40
2025-06-24T02:00,18.3,64,39
2025-06-24T03:00,20.8,64,39
2025-06-24T04:00,22.2,64,40
2025-06-24T05:00,16.8,65,40
2025-06-24T06:00,17.1,65,40
2025-06-24T07:00,18.6,65,40
2025-06-24T08:00,19.8,65,40
2025-06-24T09:00,20.5,65,40
2025-06-24T10:00,20.5,65,40
2025-06-24T11:00,18.6,65,41
2025-06-24T12:00,18.6,64,40
2025-06-24T13:00,20.6,64,40
2025-06-24T14:00,19.2,64,40
2025-06-24T15:00,19.7,64,40
2025-06-24T16:00,19.2,63,40
2025-06-24T17:00,21.6,63,39
2025-06-24T18:00,20.8,63,39
2025-06-24T19:00,22.4,63,39
2025-06-24T20:00,20.9,64,40
2025-06-24T21:00,21.0,64,41
2025-06-24T22:00,21.6,65,42
2025-06-24T23:00,21.7,65,44
2025-06-25T00:00,21.0,66,47
2025-06-25T01:00,20.9,67,49
2025-06-25T02:00,19.8,67,50
2025-06-25T03:00,19.1,67,51
2025-06-25T04:00,19.7,67,50
2025-06-25T05:00,17.8,67,50
2025-06-25T06:00,16.3,67,51
2025-06-25T07:00,16.0,67,51
2025-06-25T08:00,18.6,67,51
2025-06-25T09:00,18.3,67,51
2025-06-25T10:00,18.6,66,50
2025-06-25T11:00,20.2,66,49
2025-06-25T12:00,20.1,66,49
2025-06-25T13:00,20.0,67,49
2025-06-25T14:00,21.1,67,48
2025-06-25T15:00,21.2,67,48
2025-06-25T16:00,21.2,67,48
2025-06-25T17:00,25.7,67,48
2025-06-25T18:00,25.7,67,50
2025-06-25T19:00,23.8,68,51
2025-06-25T20:00,22.4,68,52
2025-06-25T21:00,21.2,68,53
2025-06-25T22:00,20.7,68,53
2025-06-25T23:00,18.9,68,54
2025-06-26T00:00,17.1,68,53
2025-06-26T01:00,15.5,67,53
2025-06-26T02:00,15.5,67,52
2025-06-26T03:00,15.4,67,51
2025-06-26T04:00,14.4,66,51
2025-06-26T05:00,13.6,66,50
2025-06-26T06:00,14.4,65,49
2025-06-26T07:00,15.4,65,49
2025-06-26T08:00,17.6,65,49
2025-06-26T09:00,17.8,65,50
2025-06-26T10:00,17.7,65,50
2025-06-26T11:00,18.9,65,50
2025-06-26T12:00,20.3,65,50
2025-06-26T13:00,21.4,65,50
2025-06-26T14:00,21.1,65,51
2025-06-26T15:00,20.6,65,51
2025-06-26T16:00,21.7,65,52
2025-06-26T17:00,20.3,65,53
2025-06-26T18:00,19.8,64,52
2025-06-26T19:00,19.4,64,51
2025-06-26T20:00,18.2,64,50
2025-06-26T21:00,18.0,63,49
2025-06-26T22:00,17.9,63,48
2025-06-26T23:00,17.3,63,47
2025-06-27T00:00,16.5,63,46
2025-06-27T01:00,15.5,62,46
2025-06-27T02:00,14.8,62,46
2025-06-27T03:00,15.7,62,46
2025-06-27T04:00,17.1,62,45
2025-06-27T05:00,17.9,63,46
2025-06-27T06:00,18.2,63,47
2025-06-27T07:00,19.2,63,48
2025-06-27T08:00,20.3,64,49
2025-06-27T09:00,20.5,64,49
2025-06-27T10:00,19.9,64,49
2025-06-27T11:00,20.0,64,49
2025-06-27T12:00,19.0,65,50
2025-06-27T13:00,16.8,64,49
2025-06-27T14:00,15.3,64,48
2025-06-27T15:00,15.9,63,46
2025-06-27T16:00,17.9,63,44
2025-06-27T17:00,23.8,63,43
2025-06-27T18:00,24.4,63,44
2025-06-27T19:00,23.7,63,45
2025-06-27T20:00,23.8,64,47
2025-06-27T21:00,23.9,64,48
2025-06-27T22:00,24.6,65,49
2025-06-27T23:00,25.6,65,51
2025-06-28T00:00,25.0,66,52
2025-06-28T01:00,25.4,67,54
2025-06-28T02:00,27.1,68,57
2025-06-28T03:00,27.3,69,60
2025-06-28T04:00,27.7,70,60
2025-06-28T05:00,21.9,71,61
2025-06-28T06:00,21.1,71,61
2025-06-28T07:00,19.5,71,61
2025-06-28T08:00,18.6,71,61
2025-06-28T09:00,19.0,71,61
2025-06-28T10:00,19.3,71,61
2025-06-28T11:00,19.6,71,61
2025-06-28T12:00,18.7,71,61
2025-06-28T13:00,18.0,71,61
2025-06-28T14:00,18.0,71,61
2025-06-28T15:00,18.3,71,62
2025-06-28T16:00,18.0,72,62
2025-06-28T17:00,19.0,72,61
2025-06-28T18:00,18.0,71,61
2025-06-28T19:00,17.6,71,61
2025-06-28T20:00,14.8,70,60
2025-06-28T21:00,14.8,69,58
2025-06-28T22:00,16.0,69,56
2025-06-28T23:00,18.0,68,54
2025-06-29T00:00,17.9,67,53
2025-06-29T01:00,19.3,66,51
2025-06-29T02:00,18.8,66,50
2025-06-29T03:00,20.3,65,48
2025-06-29T04:00,21.1,65,47
2025-06-29T05:00,22.3,64,45
2025-06-29T06:00,21.5,64,46
2025-06-29T07:00,21.2,64,46
2025-06-29T08:00,18.9,64,47
2025-06-29T09:00,18.4,64,46
2025-06-29T10:00,18.6,64,46
2025-06-29T11:00,19.8,64,45
2025-06-29T12:00,19.8,64,46
2025-06-29T13:00,19.2,64,46
2025-06-29T14:00,19.5,64,47
2025-06-29T15:00,18.2,64,47
2025-06-29T16:00,17.3,64,47
2025-06-29T17:00,18.8,64,47
2025-06-29T18:00,18.9,64,47
2025-06-29T19:00,18.5,64,48
2025-06-29T20:00,17.8,65,49
2025-06-29T21:00,16.8,65,49
2025-06-29T22:00,17.0,65,50
2025-06-29T23:00,16.6,65,50
2025-06-30T00:00,15.3,65,49
2025-06-30T01:00,14.7,65,49
2025-06-30T02:00,12.9,64,47
2025-06-30T03:00,12.0,64,45
2025-06-30T04:00,12.8,63,42
2025-06-30T05:00,14.9,62,40
2025-06-30T06:00,16.4,62,39
2025-06-30T07:00,17.3,61,38
2025-06-30T08:00,17.6,61,37
2025-06-30T09:00,18.3,61,37
2025-06-30T10:00,17.8,61,37
2025-06-30T11:00,18.2,61,37
2025-06-30T12:00,18.3,61,36
2025-06-30T13:00,19.6,60,36
2025-06-30T14:00,19.8,60,36
2025-06-30T15:00,19.6,60,37
2025-06-30T16:00,19.5,61,37
2025-06-30T17:00,22.9,61,38
2025-06-30T18:00,25.1,61,38
2025-06-30T19:00,23.5,62,40
2025-06-30T20:00,21.7,62,41
2025-06-30T21:00,20.3,62,42
2025-06-30T22:00,20.8,63,43
2025-06-30T23:00,18.6,63,45
2025-07-01T00:00,17.6,63,45
2025-07-01T01:00,17.2,63,46
2025-07-01T02:00,17.1,64,47
2025-07-01T03:00,17.2,64,48
2025-07-01T04:00,17.2,65,49
2025-07-01T05:00,15.7,65,50
2025-07-01T06:00,16.0,65,51
2025-07-01T07:00,17.3,65,50
2025-07-01T08:00,18.2,65,50
2025-07-01T09:00,19.1,65,51
2025-07-01T10:00,20.1,65,51
2025-07-01T11:00,19.3,65,52
2025-07-01T12:00,19.7,65,52
2025-07-01T13:00,19.4,66,52
2025-07-01T14:00,18.6,66,52
2025-07-01T15:00,17.3,65,51
2025-07-01T16:00,17.6,65,50
2025-07-01T17:00,18.3,65,48
2025-07-01T18:00,18.9,65,46
2025-07-01T19:00,19.2,64,44
2025-07-01T20:00,18.9,64,41
2025-07-01T21:00,18.7,63,40
2025-07-01T22:00,17.6,63,40
2025-07-01T23:00,17.4,63,39
2025-07-02T00:00,18.0,63,39
2025-07-02T01:00,17.8,63,39
2025-07-02T02:00,17.6,63,39
2025-07-02T03:00,18.0,63,38
2025-07-02T04:00,18.5,63,39
2025-07-02T05:00,14.5,63,39
2025-07-02T06:00,15.1,63,39
2025-07-02T07:00,18.1,63,38
2025-07-02T08:00,19.8,63,38
2025-07-02T09:00,20.1,63,38
2025-07-02T10:00,21.6,63,39
2025-07-02T11:00,21.9,63,39
2025-07-02T12:00,22.0,64,39
2025-07-02T13:00,21.2,64,39
2025-07-02T14:00,20.4,64,40
2025-07-02T15:00,19.7,64,40
2025-07-02T16:00,19.8,64,41
2025-07-02T17:00,20.4,65,42
2025-07-02T18:00,19.1,65,42
2025-07-02T19:00,17.4,65,43
2025-07-02T20:00,17.4,65,43
2025-07-02T21:00,17.6,65,43
2025-07-02T22:00,18.1,64,44
2025-07-02T23:00,18.3,64,45
2025-07-03T00:00,17.8,65,46
2025-07-03T01:00,17.2,65,46
2025-07-03T02:00,15.4,65,46
2025-07-03T03:00,14.4,64,46
2025-07-03T04:00,14.3,64,46
2025-07-03T05:00,13.2,64,44
2025-07-03T06:00,13.9,64,44
2025-07-03T07:00,15.0,63,44
2025-07-03T08:00,16.5,63,43
2025-07-03T09:00,16.8,63,43
2025-07-03T10:00,18.2,63,42
2025-07-03T11:00,19.8,62,42
2025-07-03T12:00,20.6,62,41
2025-07-03T13:00,19.7,62,40
2025-07-03T14:00,19.9,62,40
2025-07-03T15:00,18.2,62,40
2025-07-03T16:00,17.5,62,40
2025-07-03T17:00,21.2,61,39
2025-07-03T18:00,21.5,61,39
2025-07-03T19:00,20.6,62,40
2025-07-03T20:00,19.2,62,40
2025-07-03T21:00,18.5,62,40
2025-07-03T22:00,17.6,62,40
2025-07-03T23:00,16.1,62,39
2025-07-04T00:00,14.7,62,39
2025-07-04T01:00,14.4,62,38
2025-07-04T02:00,15.0,61,38
2025-07-04T03:00,15.5,61,38
2025-07-04T04:00,15.2,62,38
2025-07-04T05:00,15.1,62,38
2025-07-04T06:00,15.4,62,38
2025-07-04T07:00,16.7,62,39
2025-07-04T08:00,18.5,62,39
2025-07-04T09:00,19.0,62,39
2025-07-04T10:00,19.8,62,39
2025-07-04T11:00,19.6,63,40
2025-07-04T12:00,19.7,63,40
2025-07-04T13:00,18.7,62,40
2025-07-04T14:00,18.7,62,40
2025-07-04T15:00,19.6,62,39
2025-07-04T16:00,18.9,62,39
2025-07-04T17:00,20.0,63,40
2025-07-04T18:00,17.8,62,39
2025-07-04T19:00,15.8,62,39
2025-07-04T20:00,16.2,62,38
2025-07-04T21:00,16.6,61,38
2025-07-04T22:00,16.1,61,38
2025-07-04T23:00,14.5,61,38
2025-07-05T00:00,12.9,61,37
2025-07-05T01:00,12.1,61,37
2025-07-05T02:00,12.7,61,37
2025-07-05T03:00,12.7,60,37
2025-07-05T04:00,13.2,60,36
2025-07-05T05:00,13.6,60,36
2025-07-05T06:00,15.0,60,36
2025-07-05T07:00,16.5,60,36
2025-07-05T08:00,17.1,60,36
2025-07-05T09:00,17.6,60,35
2025-07-05T10:00,17.6,60,35
2025-07-05T11:00,17.6,59,35
2025-07-05T12:00,17.6,59,34
2025-07-05T13:00,18.0,59,34
2025-07-05T14:00,17.5,59,34
2025-07-05T15:00,18.7,59,34
2025-07-05T16:00,19.4,59,34
2025-07-05T17:00,21.4,59,35
2025-07-05T18:00,25.1,59,35
2025-07-05T19:00,26.7,60,36
2025-07-05T20:00,25.8,60,38
2025-07-05T21:00,22.5,61,39
2025-07-05T22:00,18.8,62,40
2025-07-05T23:00,17.8,62,41
2025-07-06T00:00,18.2,62,42
2025-07-06T01:00,17.7,63,44
2025-07-06T02:00,17.0,63,46
2025-07-06T03:00,15.5,64,47
2025-07-06T04:00,15.5,64,48
2025-07-06T05:00,16.5,64,49
2025-07-06T06:00,15.5,64,50
2025-07-06T07:00,15.5,65,51
2025-07-06T08:00,16.9,64,51
2025-07-06T09:00,17.4,64,51
2025-07-06T10:00,17.7,64,51
2025-07-06T11:00,18.0,64,51
2025-07-06T12:00,18.0,64,51
2025-07-06T13:00,16.7,64,51
2025-07-06T14:00,15.4,64,50
2025-07-06T15:00,14.2,64,50
2025-07-06T16:00,14.1,64,48
2025-07-06T17:00,18.3,63,47
2025-07-06T18:00,18.7,63,46
2025-07-06T19:00,20.1,62,44
2025-07-06T20:00,22.8,62,42
2025-07-06T21:00,23.9,62,41
2025-07-06T22:00,26.0,62,41
2025-07-06T23:00,23.8,62,42
2025-07-07T00:00,22.6,63,43
2025-07-07T01:00,23.9,63,44
2025-07-07T02:00,22.1,64,44
2025-07-07T03:00,22.4,64,45
2025-07-07T04:00,22.3,65,46
2025-07-07T05:00,18.5,65,47
2025-07-07T06:00,17.2,66,48
2025-07-07T07:00,17.2,66,48
2025-07-07T08:00,17.5,66,48
2025-07-07T09:00,16.6,66,48
2025-07-07T10:00,17.9,66,47
2025-07-07T11:00,20.0,66,48
2025-07-07T12:00,23.5,66,48
2025-07-07T13:00,24.4,67,50
2025-07-07T14:00,23.1,67,51
2025-07-07T15:00,21.7,68,53
2025-07-07T16:00,21.1,69,54
2025-07-07T17:00,22.4,69,56
2025-07-07T18:00,22.8,70,57
2025-07-07T19:00,24.3,70,58
2025-07-07T20:00,24.6,70,59
2025-07-07T21:00,24.0,71,59
2025-07-07T22:00,23.8,71,59
2025-07-07T23:00,23.2,70,58
2025-07-08T00:00,21.9,70,57
2025-07-08T01:00,22.5,70,56
2025-07-08T02:00,21.9,70,56
2025-07-08T03:00,20.1,70,57
2025-07-08T04:00,18.7,70,57
2025-07-08T05:00,19.2,70,56
2025-07-08T06:00,19.7,70,56
2025-07-08T07:00,20.0,70,57
2025-07-08T08:00,21.3,70,58
2025-07-08T09:00,24.3,70,59
2025-07-08T10:00,32.7,71,60
2025-07-08T11:00,30.7,72,61
2025-07-08T12:00,26.0,73,62
2025-07-08T13:00,24.5,74,62
2025-07-08T14:00,23.3,74,62
2025-07-08T15:00,22.9,74,62
2025-07-08T16:00,21.9,74,62
2025-07-08T17:00,24.2,74,62
2025-07-08T18:00,23.7,74,62
2025-07-08T19:00,23.3,74,62
2025-07-08T20:00,23.3,74,62
2025-07-08T21:00,23.3,74,62
2025-07-08T22:00,23.5,74,62
2025-07-08T23:00,23.6,74,62
2025-07-09T00:00,23.0,74,62
2025-07-09T01:00,21.9,74,63
2025-07-09T02:00,22.4,74,62
2025-07-09T03:00,21.8,74,62
2025-07-09T04:00,21.8,74,62
2025-07-09T05:00,22.4,74,63
2025-07-09T06:00,22.7,75,63
2025-07-09T07:00,27.7,75,63
2025-07-09T08:00,26.5,76,63
2025-07-09T09:00,27.9,76,64
2025-07-09T10:00,30.7,76,64
2025-07-09T11:00,32.1,76,64
2025-07-09T12:00,32.8,76,64
2025-07-09T13:00,32.7,77,64
2025-07-09T14:00,30.2,78,65
2025-07-09T15:00,28.8,78,65
2025-07-09T16:00,26.8,79,65
2025-07-09T17:00,31.3,79,65
2025-07-09T18:00,29.6,80,66
2025-07-09T19:00,26.9,80,66
2025-07-09T20:00,25.0,81,66
2025-07-09T21:00,23.6,81,66
2025-07-09T22:00,22.8,81,66
2025-07-09T23:00,22.0,81,66
2025-07-10T00:00,20.5,81,66
2025-07-10T01:00,20.8,80,66
2025-07-10T02:00,20.1,80,66
2025-07-10T03:00,18.9,80,65
2025-07-10T04:00,18.0,80,65
2025-07-10T05:00,18.6,80,65
2025-07-10T06:00,18.7,79,65
2025-07-10T07:00,19.7,79,64
2025-07-10T08:00,21.4,78,64
2025-07-10T09:00,23.0,78,63
2025-07-10T10:00,24.2,77,63
2025-07-10T11:00,25.7,77,63
2025-07-10T12:00,29.0,76,62
2025-07-10T13:00,28.6,76,62
2025-07-10T14:00,28.1,75,61
2025-07-10T15:00,28.5,75,61
2025-07-10T16:00,26.8,75,61
2025-07-10T17:00,33.4,75,61
2025-07-10T18:00,30.4,75,61
2025-07-10T19:00,27.5,75,61
2025-07-10T20:00,27.5,75,61
2025-07-10T21:00,26.2,76,61
2025-07-10T22:00,25.7,76,62
2025-07-10T23:00,24.9,76,62
2025-07-11T00:00,23.3,76,62
2025-07-11T01:00,22.2,77,62
2025-07-11T02:00,21.6,77,62
2025-07-11T03:00,20.7,77,62
2025-07-11T04:00,21.0,77,63
2025-07-11T05:00,20.9,77,63
2025-07-11T06:00,22.2,78,63
2025-07-11T07:00,23.4,78,63
2025-07-11T08:00,25.7,78,64
2025-07-11T09:00,28.1,79,64
2025-07-11T10:00,29.2,79,64
2025-07-11T11:00,31.7,79,64
2025-07-11T12:00,33.4,80,65
2025-07-11T13:00,32.9,80,65
2025-07-11T14:00,30.3,81,65
2025-07-11T15:00,29.7,81,65
2025-07-11T16:00,27.5,81,65
2025-07-11T17:00,24.3,81,65
2025-07-11T18:00,23.2,80,64
2025-07-11T19:00,23.3,80,64
2025-07-11T20:00,23.1,79,63
2025-07-11T21:00,22.7,79,63
2025-07-11T22:00,22.6,79,63
2025-07-11T23:00,21.1,78,63
2025-07-12T00:00,19.4,78,62
2025-07-12T01:00,18.2,78,62
2025-07-12T02:00,17.1,77,62
2025-07-12T03:00,16.8,77,62
2025-07-12T04:00,16.5,77,62
2025-07-12T05:00,15.5,76,61
2025-07-12T06:00,15.6,76,61
2025-07-12T07:00,17.2,75,61
2025-07-12T08:00,19.0,75,61
2025-07-12T09:00,20.7,74,60
2025-07-12T10:00,23.2,73,60
2025-07-12T11:00,26.1,73,59
2025-07-12T12:00,26.4,72,58
2025-07-12T13:00,26.7,72,57
2025-07-12T14:00,25.8,71,57
2025-07-12T15:00,25.4,71,56
2025-07-12T16:00,23.1,70,56
2025-07-12T17:00,21.7,70,56
2025-07-12T18:00,20.1,70,55
2025-07-12T19:00,19.4,69,55
2025-07-12T20:00,19.6,69,55
2025-07-12T21:00,18.7,69,55
2025-07-12T22:00,17.8,68,54
2025-07-12T23:00,17.6,68,53
2025-07-13T00:00,16.8,68,52
2025-07-13T01:00,16.6,67,52
2025-07-13T02:00,16.3,67,51
2025-07-13T03:00,15.8,67,51
2025-07-13T04:00,16.0,67,51
2025-07-13T05:00,16.4,67,51
2025-07-13T06:00,16.2,67,51
2025-07-13T07:00,17.4,67,51
2025-07-13T08:00,18.0,67,52
2025-07-13T09:00,17.6,67,51
2025-07-13T10:00,18.3,67,50
2025-07-13T11:00,19.4,66,49
2025-07-13T12:00,19.6,66,48
2025-07-13T13:00,19.3,65,46
2025-07-13T14:00,18.9,65,45
2025-07-13T15:00,20.8,64,44
2025-07-13T16:00,19.3,64,43
2025-07-13T17:00,18.6,63,42
2025-07-13T18:00,18.4,63,42
2025-07-13T19:00,17.2,63,41
2025-07-13T20:00,17.3,63,41
2025-07-13T21:00,16.9,62,40
2025-07-13T22:00,16.0,62,40
2025-07-13T23:00,15.3,62,40
